--
-- PostgreSQL database dump
--

-- Dumped from database version 14.5 (Homebrew)
-- Dumped by pg_dump version 14.5 (Homebrew)

SET statement_timeout = 0;
SET lock_timeout = 0;
SET idle_in_transaction_session_timeout = 0;
SET client_encoding = 'UTF8';
SET standard_conforming_strings = on;
SELECT pg_catalog.set_config('search_path', '', false);
SET check_function_bodies = false;
SET xmloption = content;
SET client_min_messages = warning;
SET row_security = off;

--
-- Name: hoverstate_students_development; Type: DATABASE; Schema: -; Owner: austin
--

CREATE DATABASE hoverstate_students_development WITH TEMPLATE = template0 ENCODING = 'UTF8' LOCALE = 'C';


ALTER DATABASE hoverstate_students_development OWNER TO austin;

\connect hoverstate_students_development

SET statement_timeout = 0;
SET lock_timeout = 0;
SET idle_in_transaction_session_timeout = 0;
SET client_encoding = 'UTF8';
SET standard_conforming_strings = on;
SELECT pg_catalog.set_config('search_path', '', false);
SET check_function_bodies = false;
SET xmloption = content;
SET client_min_messages = warning;
SET row_security = off;

SET default_tablespace = '';

SET default_table_access_method = heap;

--
-- Name: SequelizeMeta; Type: TABLE; Schema: public; Owner: austin
--

CREATE TABLE public."SequelizeMeta" (
    name character varying(255) NOT NULL
);


ALTER TABLE public."SequelizeMeta" OWNER TO austin;

--
-- Name: courses; Type: TABLE; Schema: public; Owner: austin
--

CREATE TABLE public.courses (
    id integer NOT NULL,
    name character varying(255) NOT NULL,
    "createdAt" timestamp with time zone NOT NULL,
    "updatedAt" timestamp with time zone NOT NULL,
    course_code character varying(255) NOT NULL
);


ALTER TABLE public.courses OWNER TO austin;

--
-- Name: courses_id_seq; Type: SEQUENCE; Schema: public; Owner: austin
--

CREATE SEQUENCE public.courses_id_seq
    AS integer
    START WITH 1
    INCREMENT BY 1
    NO MINVALUE
    NO MAXVALUE
    CACHE 1;


ALTER TABLE public.courses_id_seq OWNER TO austin;

--
-- Name: courses_id_seq; Type: SEQUENCE OWNED BY; Schema: public; Owner: austin
--

ALTER SEQUENCE public.courses_id_seq OWNED BY public.courses.id;


--
-- Name: students; Type: TABLE; Schema: public; Owner: austin
--

CREATE TABLE public.students (
    id integer NOT NULL,
    "firstName" character varying(255) NOT NULL,
    "lastName" character varying(255) NOT NULL,
    email character varying(255) NOT NULL,
    "createdAt" timestamp with time zone NOT NULL,
    "updatedAt" timestamp with time zone NOT NULL
);


ALTER TABLE public.students OWNER TO austin;

--
-- Name: students_courses; Type: TABLE; Schema: public; Owner: austin
--

CREATE TABLE public.students_courses (
    id integer NOT NULL,
    student_id integer NOT NULL,
    course_id integer NOT NULL,
    "createdAt" timestamp with time zone NOT NULL,
    "updatedAt" timestamp with time zone NOT NULL,
    grade integer
);


ALTER TABLE public.students_courses OWNER TO austin;

--
-- Name: students_courses_id_seq; Type: SEQUENCE; Schema: public; Owner: austin
--

CREATE SEQUENCE public.students_courses_id_seq
    AS integer
    START WITH 1
    INCREMENT BY 1
    NO MINVALUE
    NO MAXVALUE
    CACHE 1;


ALTER TABLE public.students_courses_id_seq OWNER TO austin;

--
-- Name: students_courses_id_seq; Type: SEQUENCE OWNED BY; Schema: public; Owner: austin
--

ALTER SEQUENCE public.students_courses_id_seq OWNED BY public.students_courses.id;


--
-- Name: students_id_seq; Type: SEQUENCE; Schema: public; Owner: austin
--

CREATE SEQUENCE public.students_id_seq
    AS integer
    START WITH 1
    INCREMENT BY 1
    NO MINVALUE
    NO MAXVALUE
    CACHE 1;


ALTER TABLE public.students_id_seq OWNER TO austin;

--
-- Name: students_id_seq; Type: SEQUENCE OWNED BY; Schema: public; Owner: austin
--

ALTER SEQUENCE public.students_id_seq OWNED BY public.students.id;


--
-- Name: users; Type: TABLE; Schema: public; Owner: austin
--

CREATE TABLE public.users (
    id integer NOT NULL,
    username character varying(255) NOT NULL,
    password character varying(255) NOT NULL,
    "createdAt" timestamp with time zone NOT NULL,
    "updatedAt" timestamp with time zone NOT NULL
);


ALTER TABLE public.users OWNER TO austin;

--
-- Name: users_id_seq; Type: SEQUENCE; Schema: public; Owner: austin
--

CREATE SEQUENCE public.users_id_seq
    AS integer
    START WITH 1
    INCREMENT BY 1
    NO MINVALUE
    NO MAXVALUE
    CACHE 1;


ALTER TABLE public.users_id_seq OWNER TO austin;

--
-- Name: users_id_seq; Type: SEQUENCE OWNED BY; Schema: public; Owner: austin
--

ALTER SEQUENCE public.users_id_seq OWNED BY public.users.id;


--
-- Name: courses id; Type: DEFAULT; Schema: public; Owner: austin
--

ALTER TABLE ONLY public.courses ALTER COLUMN id SET DEFAULT nextval('public.courses_id_seq'::regclass);


--
-- Name: students id; Type: DEFAULT; Schema: public; Owner: austin
--

ALTER TABLE ONLY public.students ALTER COLUMN id SET DEFAULT nextval('public.students_id_seq'::regclass);


--
-- Name: students_courses id; Type: DEFAULT; Schema: public; Owner: austin
--

ALTER TABLE ONLY public.students_courses ALTER COLUMN id SET DEFAULT nextval('public.students_courses_id_seq'::regclass);


--
-- Name: users id; Type: DEFAULT; Schema: public; Owner: austin
--

ALTER TABLE ONLY public.users ALTER COLUMN id SET DEFAULT nextval('public.users_id_seq'::regclass);


--
-- Data for Name: SequelizeMeta; Type: TABLE DATA; Schema: public; Owner: austin
--

COPY public."SequelizeMeta" (name) FROM stdin;
20221105151806-create-user.js
20221105152444-create-student.js
20221105152928-create-course.js
20221105155941-create-student-course.js
20221105175549-add-grade-to-studentcourse-model.js
20221106142359-add-abbreviation-to-course.js
20221106163413-change-abbreviation-to-course_code.js
\.


--
-- Data for Name: courses; Type: TABLE DATA; Schema: public; Owner: austin
--

COPY public.courses (id, name, "createdAt", "updatedAt", course_code) FROM stdin;
1	Intro to Communication	2022-11-06 11:48:06.817-05	2022-11-06 11:48:06.817-05	ITC 1238
2	Intro to Communication	2022-11-06 11:48:06.817-05	2022-11-06 11:48:06.817-05	ITC 2295
3	Intro to Storytelling	2022-11-06 11:48:06.817-05	2022-11-06 11:48:06.817-05	ITS 2657
4	Intro to Negotiation	2022-11-06 11:48:06.817-05	2022-11-06 11:48:06.817-05	ITN 1447
5	Intro to Attention To Detail	2022-11-06 11:48:06.818-05	2022-11-06 11:48:06.818-05	ITATD 1387
6	Intro to Analytical And Problem Solving	2022-11-06 11:48:06.818-05	2022-11-06 11:48:06.818-05	ITAAPS 1351
7	Intro to Creativity	2022-11-06 11:48:06.818-05	2022-11-06 11:48:06.818-05	ITC 1272
8	Intro to Multilingualism	2022-11-06 11:48:06.818-05	2022-11-06 11:48:06.818-05	ITM 1405
9	Intro to Typing Skills	2022-11-06 11:48:06.818-05	2022-11-06 11:48:06.818-05	ITTS 2937
10	Intro to Microsoft Office Proficiency	2022-11-06 11:48:06.818-05	2022-11-06 11:48:06.818-05	ITMOP 1040
11	Intro to Problem Solving	2022-11-06 11:48:06.818-05	2022-11-06 11:48:06.818-05	ITPS 1079
12	Intro to Patience	2022-11-06 11:48:06.818-05	2022-11-06 11:48:06.818-05	ITP 2424
13	Intro to Attention To Detail	2022-11-06 11:48:06.818-05	2022-11-06 11:48:06.818-05	ITATD 2437
14	Intro to Process Automation	2022-11-06 11:48:06.818-05	2022-11-06 11:48:06.818-05	ITPA 1196
15	Intro to Typing Skills	2022-11-06 11:48:06.818-05	2022-11-06 11:48:06.818-05	ITTS 1546
16	Intro to Analytical And Problem Solving	2022-11-06 11:48:06.818-05	2022-11-06 11:48:06.818-05	ITAAPS 2352
17	Intro to Enterprise Resource Planning	2022-11-06 11:48:06.818-05	2022-11-06 11:48:06.818-05	ITERP 1018
18	Intro to Critical Thinking	2022-11-06 11:48:06.818-05	2022-11-06 11:48:06.818-05	ITCT 2432
19	Intro to Leadership	2022-11-06 11:48:06.818-05	2022-11-06 11:48:06.818-05	ITL 2985
20	Intro to Teamwork	2022-11-06 11:48:06.818-05	2022-11-06 11:48:06.818-05	ITT 2857
21	Intro to Troubleshooting	2022-11-06 11:48:06.818-05	2022-11-06 11:48:06.818-05	ITT 2051
22	Intro to Verbal And Presentation	2022-11-06 11:48:06.818-05	2022-11-06 11:48:06.818-05	ITVAP 1231
23	Intro to Patience	2022-11-06 11:48:06.818-05	2022-11-06 11:48:06.818-05	ITP 2727
24	Intro to Enterprise Resource Planning	2022-11-06 11:48:06.818-05	2022-11-06 11:48:06.818-05	ITERP 2966
25	Intro to Organization	2022-11-06 11:48:06.818-05	2022-11-06 11:48:06.818-05	ITO 2319
26	Advanced Self-motivation	2022-11-06 11:48:06.818-05	2022-11-06 11:48:06.818-05	AS 3880
27	Advanced Verbal And Presentation	2022-11-06 11:48:06.818-05	2022-11-06 11:48:06.818-05	AVAP 3690
28	Advanced Creativity	2022-11-06 11:48:06.818-05	2022-11-06 11:48:06.818-05	AC 4194
29	Advanced Verbal And Presentation	2022-11-06 11:48:06.818-05	2022-11-06 11:48:06.818-05	AVAP 4720
30	Advanced Search Engine Optimization	2022-11-06 11:48:06.818-05	2022-11-06 11:48:06.818-05	ASEO 3940
31	Advanced Critical Thinking	2022-11-06 11:48:06.818-05	2022-11-06 11:48:06.818-05	ACT 3484
32	Advanced Human Resources	2022-11-06 11:48:06.818-05	2022-11-06 11:48:06.818-05	AHR 3696
33	Advanced Typing Skills	2022-11-06 11:48:06.818-05	2022-11-06 11:48:06.818-05	ATS 3114
34	Advanced Adaptability	2022-11-06 11:48:06.818-05	2022-11-06 11:48:06.818-05	AA 4657
35	Advanced Creativity	2022-11-06 11:48:06.818-05	2022-11-06 11:48:06.818-05	AC 4217
36	Advanced Multitasking	2022-11-06 11:48:06.818-05	2022-11-06 11:48:06.818-05	AM 3095
37	Advanced Software Proficiency	2022-11-06 11:48:06.818-05	2022-11-06 11:48:06.818-05	ASP 4297
38	Advanced Problem Solving	2022-11-06 11:48:06.818-05	2022-11-06 11:48:06.818-05	APS 3507
39	Advanced Attention To Detail	2022-11-06 11:48:06.818-05	2022-11-06 11:48:06.818-05	AATD 4838
40	Advanced Adaptability	2022-11-06 11:48:06.818-05	2022-11-06 11:48:06.818-05	AA 4617
41	Advanced Multilingualism	2022-11-06 11:48:06.818-05	2022-11-06 11:48:06.818-05	AM 4207
42	Advanced Storytelling	2022-11-06 11:48:06.818-05	2022-11-06 11:48:06.818-05	AS 4283
43	Advanced Troubleshooting	2022-11-06 11:48:06.818-05	2022-11-06 11:48:06.818-05	AT 4398
44	Advanced Data Privacy	2022-11-06 11:48:06.818-05	2022-11-06 11:48:06.818-05	ADP 4536
45	Advanced Creativity	2022-11-06 11:48:06.818-05	2022-11-06 11:48:06.818-05	AC 4002
46	Advanced Work Ethic	2022-11-06 11:48:06.818-05	2022-11-06 11:48:06.818-05	AWE 3842
47	Advanced Writing And Editing	2022-11-06 11:48:06.818-05	2022-11-06 11:48:06.818-05	AWAE 3685
48	Advanced Software Proficiency	2022-11-06 11:48:06.818-05	2022-11-06 11:48:06.818-05	ASP 3695
49	Advanced Positivity	2022-11-06 11:48:06.818-05	2022-11-06 11:48:06.818-05	AP 3413
50	Advanced Troubleshooting	2022-11-06 11:48:06.818-05	2022-11-06 11:48:06.818-05	AT 4755
\.


--
-- Data for Name: students; Type: TABLE DATA; Schema: public; Owner: austin
--

COPY public.students (id, "firstName", "lastName", email, "createdAt", "updatedAt") FROM stdin;
1	Somphong	Olszewski	amnuai+vaknin@hoverstate.edu	2022-11-06 11:48:06.83-05	2022-11-06 11:48:06.83-05
2	Rosa	Schulze	yhudahbunma@hoverstate.edu	2022-11-06 11:48:06.83-05	2022-11-06 11:48:06.83-05
3	Dariusz	Pospíšil	naronghuisman@hoverstate.edu	2022-11-06 11:48:06.83-05	2022-11-06 11:48:06.83-05
4	Xiaoyan	Björnsson	xiaohong-langat916@hoverstate.edu	2022-11-06 11:48:06.83-05	2022-11-06 11:48:06.83-05
5	Hadiza	Harðarson	graham-mahlangu@hoverstate.edu	2022-11-06 11:48:06.83-05	2022-11-06 11:48:06.83-05
6	Bunmi	Haraldsdóttir	somkiat-kaiser@hoverstate.edu	2022-11-06 11:48:06.83-05	2022-11-06 11:48:06.83-05
7	Lilian	Dvořáková	dinesh_mishra529@hoverstate.edu	2022-11-06 11:48:06.83-05	2022-11-06 11:48:06.83-05
8	Hui	Nuñez	sibongile.hasegawa@hoverstate.edu	2022-11-06 11:48:06.83-05	2022-11-06 11:48:06.83-05
9	Hong	Chided	jose-manuel.yuan@hoverstate.edu	2022-11-06 11:48:06.83-05	2022-11-06 11:48:06.83-05
10	Zainab	Björnsdóttir	heike_schouten@hoverstate.edu	2022-11-06 11:48:06.83-05	2022-11-06 11:48:06.83-05
11	Michal	Richter	miguel_kongkaeo471@hoverstate.edu	2022-11-06 11:48:06.83-05	2022-11-06 11:48:06.83-05
12	Thawi	Vásquez	hong-adamczyk671@hoverstate.edu	2022-11-06 11:48:06.83-05	2022-11-06 11:48:06.83-05
13	Birgir	Garba	idris-peeters@hoverstate.edu	2022-11-06 11:48:06.83-05	2022-11-06 11:48:06.83-05
14	Karen	Veselý	royventer221@hoverstate.edu	2022-11-06 11:48:06.83-05	2022-11-06 11:48:06.83-05
15	Haiyan	Kowalczyk	lan+baba590@hoverstate.edu	2022-11-06 11:48:06.83-05	2022-11-06 11:48:06.83-05
16	Paulina	Suarez	ian_maier989@hoverstate.edu	2022-11-06 11:48:06.83-05	2022-11-06 11:48:06.83-05
17	Fiona	Halldórsson	radha-guo@hoverstate.edu	2022-11-06 11:48:06.83-05	2022-11-06 11:48:06.83-05
18	Alex	Pokorná	eva-sisuk@hoverstate.edu	2022-11-06 11:48:06.83-05	2022-11-06 11:48:06.83-05
19	Shimon	Ramírez	tamarmeng610@hoverstate.edu	2022-11-06 11:48:06.83-05	2022-11-06 11:48:06.83-05
20	Chen	García	usha.morgan@hoverstate.edu	2022-11-06 11:48:06.83-05	2022-11-06 11:48:06.83-05
21	Fernando	Ota	michal-van-der-heijden17@hoverstate.edu	2022-11-06 11:48:06.83-05	2022-11-06 11:48:06.83-05
22	Rita	Haruna	carlos.pietrzak@hoverstate.edu	2022-11-06 11:48:06.83-05	2022-11-06 11:48:06.83-05
23	Gisela	Halldórsson	shanti_yahaya@hoverstate.edu	2022-11-06 11:48:06.83-05	2022-11-06 11:48:06.83-05
24	Ewa	Jóhannsdóttir	krishna_segel@hoverstate.edu	2022-11-06 11:48:06.83-05	2022-11-06 11:48:06.83-05
25	Lin	Schröder	james_ye@hoverstate.edu	2022-11-06 11:48:06.83-05	2022-11-06 11:48:06.83-05
26	Musa	Wu	joan_ye287@hoverstate.edu	2022-11-06 11:48:06.83-05	2022-11-06 11:48:06.83-05
27	Jose	Sigurjónsdóttir	miykhal-kucharski625@hoverstate.edu	2022-11-06 11:48:06.83-05	2022-11-06 11:48:06.83-05
28	Pedro	Ðorðić	xiaoping+pugh@hoverstate.edu	2022-11-06 11:48:06.83-05	2022-11-06 11:48:06.83-05
29	Yelena	Jónasson	svetlanameijer454@hoverstate.edu	2022-11-06 11:48:06.83-05	2022-11-06 11:48:06.83-05
30	Mariusz	Veselý	wirat.morgan@hoverstate.edu	2022-11-06 11:48:06.83-05	2022-11-06 11:48:06.83-05
31	Lihua	Kamiński	miykhalandreeva616@hoverstate.edu	2022-11-06 11:48:06.83-05	2022-11-06 11:48:06.83-05
32	Justyna	Vásquez	monika.koster@hoverstate.edu	2022-11-06 11:48:06.83-05	2022-11-06 11:48:06.83-05
33	Raphael	Govender	adam-castillo@hoverstate.edu	2022-11-06 11:48:06.83-05	2022-11-06 11:48:06.83-05
34	Thomas	Łapiński	diego.sveinsson32@hoverstate.edu	2022-11-06 11:48:06.83-05	2022-11-06 11:48:06.83-05
35	Gareth	Hájek	johan.eliyahu652@hoverstate.edu	2022-11-06 11:48:06.83-05	2022-11-06 11:48:06.83-05
36	Tatyana	Peña	sombun+kuznetsov816@hoverstate.edu	2022-11-06 11:48:06.83-05	2022-11-06 11:48:06.83-05
37	Ling	Williams	inga+pan@hoverstate.edu	2022-11-06 11:48:06.83-05	2022-11-06 11:48:06.83-05
38	Jean	Garza	eddaono759@hoverstate.edu	2022-11-06 11:48:06.83-05	2022-11-06 11:48:06.83-05
39	Urai	Ūsas	aleksandr+pavlov749@hoverstate.edu	2022-11-06 11:48:06.83-05	2022-11-06 11:48:06.83-05
40	Sombun	Förster	takako+hashimoto474@hoverstate.edu	2022-11-06 11:48:06.83-05	2022-11-06 11:48:06.83-05
41	Isah	Cheruiyot	franz+dudek718@hoverstate.edu	2022-11-06 11:48:06.83-05	2022-11-06 11:48:06.83-05
42	Xiaoping	Pétursson	carlos.ngcobo@hoverstate.edu	2022-11-06 11:48:06.831-05	2022-11-06 11:48:06.831-05
43	Lakshmi	Oakley	karin.huisman@hoverstate.edu	2022-11-06 11:48:06.831-05	2022-11-06 11:48:06.831-05
44	Watsana	Ríos	chengmuthoni@hoverstate.edu	2022-11-06 11:48:06.831-05	2022-11-06 11:48:06.831-05
45	Brian	Rodríguez	karinsmirnov@hoverstate.edu	2022-11-06 11:48:06.831-05	2022-11-06 11:48:06.831-05
46	Manju	Khatun	mark.vasileva@hoverstate.edu	2022-11-06 11:48:06.831-05	2022-11-06 11:48:06.831-05
47	Purity	Pérez	justyna.sahu39@hoverstate.edu	2022-11-06 11:48:06.831-05	2022-11-06 11:48:06.831-05
48	Wilai	Flores	darya_rivera@hoverstate.edu	2022-11-06 11:48:06.831-05	2022-11-06 11:48:06.831-05
49	Lukasz	Ouma	rajesh-birgisson361@hoverstate.edu	2022-11-06 11:48:06.831-05	2022-11-06 11:48:06.831-05
50	Johanna	Frolova	umar_jadhav@hoverstate.edu	2022-11-06 11:48:06.831-05	2022-11-06 11:48:06.831-05
51	Dorota	Kjartansdóttir	somkhitespinoza@hoverstate.edu	2022-11-06 11:48:06.831-05	2022-11-06 11:48:06.831-05
52	Suphaphon	Marková	galina-garba@hoverstate.edu	2022-11-06 11:48:06.831-05	2022-11-06 11:48:06.831-05
53	Thabo	Willems	jean_maluleke@hoverstate.edu	2022-11-06 11:48:06.831-05	2022-11-06 11:48:06.831-05
54	John	Nowicki	sommai.wieczorek286@hoverstate.edu	2022-11-06 11:48:06.831-05	2022-11-06 11:48:06.831-05
55	Sombun	Blom	somchit_meier@hoverstate.edu	2022-11-06 11:48:06.831-05	2022-11-06 11:48:06.831-05
56	Nushi	Nikolaev	mariyaodhiambo@hoverstate.edu	2022-11-06 11:48:06.831-05	2022-11-06 11:48:06.831-05
57	Cristina	Adan	bjarni.chided423@hoverstate.edu	2022-11-06 11:48:06.831-05	2022-11-06 11:48:06.831-05
58	Fumiko	Nayak	mpho.song806@hoverstate.edu	2022-11-06 11:48:06.831-05	2022-11-06 11:48:06.831-05
59	Prasoet	Bitton	kirilltang@hoverstate.edu	2022-11-06 11:48:06.831-05	2022-11-06 11:48:06.831-05
60	Caroline	Sah	karl-heinz-zaytseva524@hoverstate.edu	2022-11-06 11:48:06.831-05	2022-11-06 11:48:06.831-05
61	Mercy	Maciejewski	kiyoko+helgason899@hoverstate.edu	2022-11-06 11:48:06.831-05	2022-11-06 11:48:06.831-05
62	Robert	Adan	jacek_mazurek734@hoverstate.edu	2022-11-06 11:48:06.831-05	2022-11-06 11:48:06.831-05
63	Lucy	Rogers	bartoszmikhaylova235@hoverstate.edu	2022-11-06 11:48:06.831-05	2022-11-06 11:48:06.831-05
64	Michael	Zimmermann	fatima_inoue@hoverstate.edu	2022-11-06 11:48:06.831-05	2022-11-06 11:48:06.831-05
65	Sunil	Jasiński	sibusiso-ngubane21@hoverstate.edu	2022-11-06 11:48:06.831-05	2022-11-06 11:48:06.831-05
66	Shlomo	Dvořák	agnieszka.ngubane@hoverstate.edu	2022-11-06 11:48:06.831-05	2022-11-06 11:48:06.831-05
67	Karl	Vásquez	pushpasalisu71@hoverstate.edu	2022-11-06 11:48:06.831-05	2022-11-06 11:48:06.831-05
68	Abdul	Isaac	igor-mohammed@hoverstate.edu	2022-11-06 11:48:06.831-05	2022-11-06 11:48:06.831-05
69	Zbigniew	Ram	helga-espinoza168@hoverstate.edu	2022-11-06 11:48:06.831-05	2022-11-06 11:48:06.831-05
70	Ilya	Idris	lyudmilawei@hoverstate.edu	2022-11-06 11:48:06.831-05	2022-11-06 11:48:06.831-05
71	Carmen	Omar	lyubov_wanjala888@hoverstate.edu	2022-11-06 11:48:06.831-05	2022-11-06 11:48:06.831-05
72	Joyce	Wafula	thulanisah607@hoverstate.edu	2022-11-06 11:48:06.831-05	2022-11-06 11:48:06.831-05
73	Graham	Groß	somnuekhuisman@hoverstate.edu	2022-11-06 11:48:06.831-05	2022-11-06 11:48:06.831-05
74	Sunita	Shaw	dennis+lavyan753@hoverstate.edu	2022-11-06 11:48:06.831-05	2022-11-06 11:48:06.831-05
75	Kasia	Idris	lei_alvarez837@hoverstate.edu	2022-11-06 11:48:06.831-05	2022-11-06 11:48:06.831-05
76	Magdalena	Popov	nan-su@hoverstate.edu	2022-11-06 11:48:06.831-05	2022-11-06 11:48:06.831-05
77	Gang	Braun	brian-kjartansson@hoverstate.edu	2022-11-06 11:48:06.831-05	2022-11-06 11:48:06.831-05
78	Somphon	Lozano	hiromi-rogers@hoverstate.edu	2022-11-06 11:48:06.831-05	2022-11-06 11:48:06.831-05
79	Ying	Ágústsdóttir	natalya-makarova@hoverstate.edu	2022-11-06 11:48:06.831-05	2022-11-06 11:48:06.831-05
80	Suwit	Björnsdóttir	jin_ito@hoverstate.edu	2022-11-06 11:48:06.831-05	2022-11-06 11:48:06.831-05
81	Sibongile	Hauksson	hendrik+takeuchi@hoverstate.edu	2022-11-06 11:48:06.831-05	2022-11-06 11:48:06.831-05
82	Yelena	Ásgeirsdóttir	justyna+barman@hoverstate.edu	2022-11-06 11:48:06.831-05	2022-11-06 11:48:06.831-05
83	Maria	Masarweh	annzhou661@hoverstate.edu	2022-11-06 11:48:06.831-05	2022-11-06 11:48:06.831-05
84	Sibongile	Fialová	anaharuna@hoverstate.edu	2022-11-06 11:48:06.831-05	2022-11-06 11:48:06.831-05
85	Unnur	Gu	rajesh_rani435@hoverstate.edu	2022-11-06 11:48:06.831-05	2022-11-06 11:48:06.831-05
86	Piotr	Gutierrez	watsana.roy222@hoverstate.edu	2022-11-06 11:48:06.831-05	2022-11-06 11:48:06.831-05
87	Miyoko	Szymański	maria-isabel+romanova@hoverstate.edu	2022-11-06 11:48:06.831-05	2022-11-06 11:48:06.831-05
88	Hauwa	Schäfer	yan.mustapha@hoverstate.edu	2022-11-06 11:48:06.831-05	2022-11-06 11:48:06.831-05
89	Jianguo	Starr	sommai_sombun@hoverstate.edu	2022-11-06 11:48:06.831-05	2022-11-06 11:48:06.831-05
90	Sipho	Saeli	helencherinsuk398@hoverstate.edu	2022-11-06 11:48:06.831-05	2022-11-06 11:48:06.831-05
91	Phonthip	Arai	christa_ochieng738@hoverstate.edu	2022-11-06 11:48:06.831-05	2022-11-06 11:48:06.831-05
92	Victoria	Helgadóttir	xiaoli+ber@hoverstate.edu	2022-11-06 11:48:06.831-05	2022-11-06 11:48:06.831-05
93	Dennis	Jóhannsson	lucywhite@hoverstate.edu	2022-11-06 11:48:06.831-05	2022-11-06 11:48:06.831-05
94	Ragnar	Kamiński	andrea+jabarin517@hoverstate.edu	2022-11-06 11:48:06.831-05	2022-11-06 11:48:06.831-05
95	Shankar	Sigurjónsson	antonio-mkhize91@hoverstate.edu	2022-11-06 11:48:06.831-05	2022-11-06 11:48:06.831-05
96	Einar	Dauda	sabine-kaur703@hoverstate.edu	2022-11-06 11:48:06.831-05	2022-11-06 11:48:06.831-05
97	Isa	Žukauskienė	einar-zalewski@hoverstate.edu	2022-11-06 11:48:06.831-05	2022-11-06 11:48:06.831-05
98	Evgeniy	Sokołowski	yuko.musa32@hoverstate.edu	2022-11-06 11:48:06.831-05	2022-11-06 11:48:06.831-05
99	Narong	Jónasson	shanti+sveinsson@hoverstate.edu	2022-11-06 11:48:06.831-05	2022-11-06 11:48:06.831-05
100	Prasoet	Förster	rebecca.lal493@hoverstate.edu	2022-11-06 11:48:06.831-05	2022-11-06 11:48:06.831-05
101	Aisha	Davis	prasit-kondo@hoverstate.edu	2022-11-06 11:48:06.831-05	2022-11-06 11:48:06.831-05
102	Rebecca	Gísladóttir	elisabeth_okafor@hoverstate.edu	2022-11-06 11:48:06.831-05	2022-11-06 11:48:06.831-05
103	Catherine	Sahu	edda.zhao@hoverstate.edu	2022-11-06 11:48:06.831-05	2022-11-06 11:48:06.831-05
104	Xiaoyan	Gutiérrez	amnuai_okeke@hoverstate.edu	2022-11-06 11:48:06.831-05	2022-11-06 11:48:06.831-05
105	Andrew	Žukauskas	suwit-suwan@hoverstate.edu	2022-11-06 11:48:06.831-05	2022-11-06 11:48:06.831-05
106	Hendrik	Kristjánsson	rajendra+mathebula419@hoverstate.edu	2022-11-06 11:48:06.831-05	2022-11-06 11:48:06.831-05
107	Helmut	Bailey	jianping+begum@hoverstate.edu	2022-11-06 11:48:06.831-05	2022-11-06 11:48:06.831-05
108	Xin	Abubakar	elke+yin@hoverstate.edu	2022-11-06 11:48:06.831-05	2022-11-06 11:48:06.831-05
109	Yelena	Thongsuk	min_rogers@hoverstate.edu	2022-11-06 11:48:06.831-05	2022-11-06 11:48:06.831-05
110	Yuko	Vásquez	yuliya+klein528@hoverstate.edu	2022-11-06 11:48:06.831-05	2022-11-06 11:48:06.831-05
111	Amiyt	Beneš	somchit-chebet912@hoverstate.edu	2022-11-06 11:48:06.831-05	2022-11-06 11:48:06.831-05
112	Bin	Van-der-Linden	lei-harle420@hoverstate.edu	2022-11-06 11:48:06.831-05	2022-11-06 11:48:06.831-05
113	Kai	Smee	koji_richards749@hoverstate.edu	2022-11-06 11:48:06.831-05	2022-11-06 11:48:06.831-05
114	Jianhua	Visser	haim-wojciechowski@hoverstate.edu	2022-11-06 11:48:06.831-05	2022-11-06 11:48:06.831-05
115	Monika	Powell	santosh-gumede457@hoverstate.edu	2022-11-06 11:48:06.831-05	2022-11-06 11:48:06.831-05
116	Josef	Frolova	zhen.udo@hoverstate.edu	2022-11-06 11:48:06.831-05	2022-11-06 11:48:06.831-05
117	Sara	Martin	petra_romanova111@hoverstate.edu	2022-11-06 11:48:06.832-05	2022-11-06 11:48:06.832-05
118	Franz	Jacobs	xiaolimorgan@hoverstate.edu	2022-11-06 11:48:06.832-05	2022-11-06 11:48:06.832-05
119	Bunmi	Þorsteinsdóttir	ragnar+zhao@hoverstate.edu	2022-11-06 11:48:06.832-05	2022-11-06 11:48:06.832-05
120	Lucy	Kamiński	elena_mulder142@hoverstate.edu	2022-11-06 11:48:06.832-05	2022-11-06 11:48:06.832-05
121	Ramesh	Árnadóttir	hans-ulrichmaseko877@hoverstate.edu	2022-11-06 11:48:06.832-05	2022-11-06 11:48:06.832-05
122	Vinod	Pokorný	somphon+gaby@hoverstate.edu	2022-11-06 11:48:06.832-05	2022-11-06 11:48:06.832-05
123	Alyona	Procházková	talkariuki@hoverstate.edu	2022-11-06 11:48:06.832-05	2022-11-06 11:48:06.832-05
124	Wirat	Harðardóttir	roman.scott105@hoverstate.edu	2022-11-06 11:48:06.832-05	2022-11-06 11:48:06.832-05
125	Keiko	Saelim	josefa.onyango112@hoverstate.edu	2022-11-06 11:48:06.832-05	2022-11-06 11:48:06.832-05
126	Koichi	Dlamini	masako-zulu756@hoverstate.edu	2022-11-06 11:48:06.832-05	2022-11-06 11:48:06.832-05
127	Karl	Reyes	andries_ceng704@hoverstate.edu	2022-11-06 11:48:06.832-05	2022-11-06 11:48:06.832-05
128	Kazuo	Þorsteinsson	kiran-kuznetsova584@hoverstate.edu	2022-11-06 11:48:06.832-05	2022-11-06 11:48:06.832-05
129	Mary	Xie	yuval+arnarson@hoverstate.edu	2022-11-06 11:48:06.832-05	2022-11-06 11:48:06.832-05
130	Charoen	Herrmann	vincent+lozano25@hoverstate.edu	2022-11-06 11:48:06.832-05	2022-11-06 11:48:06.832-05
131	Helen	Brown	shay+lavyan@hoverstate.edu	2022-11-06 11:48:06.832-05	2022-11-06 11:48:06.832-05
132	Kanchana	Krüger	kirill+peeters405@hoverstate.edu	2022-11-06 11:48:06.832-05	2022-11-06 11:48:06.832-05
133	Miyoko	He	guymishra468@hoverstate.edu	2022-11-06 11:48:06.832-05	2022-11-06 11:48:06.832-05
134	Yu	López	jose-luis_cui158@hoverstate.edu	2022-11-06 11:48:06.832-05	2022-11-06 11:48:06.832-05
135	Hadiza	Kozłowski	idrissuleiman748@hoverstate.edu	2022-11-06 11:48:06.832-05	2022-11-06 11:48:06.832-05
136	Mohammad	Chávez	bin.parry845@hoverstate.edu	2022-11-06 11:48:06.832-05	2022-11-06 11:48:06.832-05
137	Miyoko	Őllösová	nittayachanthara@hoverstate.edu	2022-11-06 11:48:06.832-05	2022-11-06 11:48:06.832-05
138	Raju	Żak	akirakhumalo495@hoverstate.edu	2022-11-06 11:48:06.832-05	2022-11-06 11:48:06.832-05
139	Magdalena	Bjarnadóttir	nikolay_cao585@hoverstate.edu	2022-11-06 11:48:06.832-05	2022-11-06 11:48:06.832-05
140	Joanna	Harðarson	jianhua_li621@hoverstate.edu	2022-11-06 11:48:06.832-05	2022-11-06 11:48:06.832-05
141	Koichi	Sveinsdóttir	beatakozlova557@hoverstate.edu	2022-11-06 11:48:06.832-05	2022-11-06 11:48:06.832-05
142	Toshiko	Fiala	shanti.sibiya446@hoverstate.edu	2022-11-06 11:48:06.832-05	2022-11-06 11:48:06.832-05
143	Somnuek	Mthethwa	michael-ogawa@hoverstate.edu	2022-11-06 11:48:06.832-05	2022-11-06 11:48:06.832-05
144	Lucia	Baloyi	changil@hoverstate.edu	2022-11-06 11:48:06.832-05	2022-11-06 11:48:06.832-05
145	Rong	Zieliński	radha-navarro859@hoverstate.edu	2022-11-06 11:48:06.832-05	2022-11-06 11:48:06.832-05
146	Eva	Garba	lilian.mathebula733@hoverstate.edu	2022-11-06 11:48:06.832-05	2022-11-06 11:48:06.832-05
147	Valentina	Kristjánsson	blessing+kaiser@hoverstate.edu	2022-11-06 11:48:06.832-05	2022-11-06 11:48:06.832-05
148	Yahaya	Ásgeirsdóttir	gabra_suissa23@hoverstate.edu	2022-11-06 11:48:06.832-05	2022-11-06 11:48:06.832-05
149	Suphaphon	Mikhaylov	lilja.nikolaeva@hoverstate.edu	2022-11-06 11:48:06.832-05	2022-11-06 11:48:06.832-05
150	Erika	De-Jong	hadiza+jia@hoverstate.edu	2022-11-06 11:48:06.832-05	2022-11-06 11:48:06.832-05
151	Amiyr	Jiménez	yahaya+yin@hoverstate.edu	2022-11-06 11:48:06.832-05	2022-11-06 11:48:06.832-05
152	Abdul	Černý	rafaelli527@hoverstate.edu	2022-11-06 11:48:06.832-05	2022-11-06 11:48:06.832-05
153	Raj	Dauda	mo_coetzee@hoverstate.edu	2022-11-06 11:48:06.832-05	2022-11-06 11:48:06.832-05
154	Sombat	Mtshali	helen-helgason138@hoverstate.edu	2022-11-06 11:48:06.832-05	2022-11-06 11:48:06.832-05
155	Yue	Gísladóttir	annyakovleva@hoverstate.edu	2022-11-06 11:48:06.832-05	2022-11-06 11:48:06.832-05
156	Ning	Attias	helmut_ortiz@hoverstate.edu	2022-11-06 11:48:06.832-05	2022-11-06 11:48:06.832-05
157	Jose-Manuel	Gísladóttir	ling.lu910@hoverstate.edu	2022-11-06 11:48:06.832-05	2022-11-06 11:48:06.832-05
158	Caroline	Gómez	hui+zwane916@hoverstate.edu	2022-11-06 11:48:06.832-05	2022-11-06 11:48:06.832-05
159	Cheng	Pérez	michal+bekher908@hoverstate.edu	2022-11-06 11:48:06.832-05	2022-11-06 11:48:06.832-05
160	David	Vásquez	bjarni-schmitz312@hoverstate.edu	2022-11-06 11:48:06.832-05	2022-11-06 11:48:06.832-05
161	Martin	Dvořáková	grace+harrison474@hoverstate.edu	2022-11-06 11:48:06.832-05	2022-11-06 11:48:06.832-05
162	Carol	Möller	erna-simiyu691@hoverstate.edu	2022-11-06 11:48:06.832-05	2022-11-06 11:48:06.832-05
163	Jerzy	Chebet	alan-rungrueang630@hoverstate.edu	2022-11-06 11:48:06.832-05	2022-11-06 11:48:06.832-05
164	Zanele	Øvergård	suman.lawal@hoverstate.edu	2022-11-06 11:48:06.832-05	2022-11-06 11:48:06.832-05
165	Akira	Krejčí	zbigniew-han452@hoverstate.edu	2022-11-06 11:48:06.832-05	2022-11-06 11:48:06.832-05
166	Ying	Blanco	jin.biswas480@hoverstate.edu	2022-11-06 11:48:06.832-05	2022-11-06 11:48:06.832-05
167	Mo	Kristinsson	somkhit.omer@hoverstate.edu	2022-11-06 11:48:06.832-05	2022-11-06 11:48:06.832-05
168	Daniyel	Müller	kelvin.zhong@hoverstate.edu	2022-11-06 11:48:06.832-05	2022-11-06 11:48:06.832-05
169	Elizabeth	Vásquez	hans-akpan421@hoverstate.edu	2022-11-06 11:48:06.832-05	2022-11-06 11:48:06.832-05
170	Liping	Dvořáková	tatyanadelgado@hoverstate.edu	2022-11-06 11:48:06.832-05	2022-11-06 11:48:06.832-05
171	Alejandro	Parry	kazuomtshali446@hoverstate.edu	2022-11-06 11:48:06.832-05	2022-11-06 11:48:06.832-05
172	Carol	Sigurðardóttir	mali-atieno131@hoverstate.edu	2022-11-06 11:48:06.832-05	2022-11-06 11:48:06.832-05
173	Yakubu	Meijer	busisiwesharabi352@hoverstate.edu	2022-11-06 11:48:06.832-05	2022-11-06 11:48:06.832-05
174	Amphon	Pal	yelenabai416@hoverstate.edu	2022-11-06 11:48:06.832-05	2022-11-06 11:48:06.832-05
175	Ryoko	Maciejewski	salisu-garza89@hoverstate.edu	2022-11-06 11:48:06.832-05	2022-11-06 11:48:06.832-05
176	Anna	Mulder	isah+karlsson761@hoverstate.edu	2022-11-06 11:48:06.832-05	2022-11-06 11:48:06.832-05
177	Simon	Guðjónsdóttir	udom_dai@hoverstate.edu	2022-11-06 11:48:06.832-05	2022-11-06 11:48:06.832-05
178	Pilar	Richter	sipho_okafor@hoverstate.edu	2022-11-06 11:48:06.832-05	2022-11-06 11:48:06.832-05
179	Gareth	Richards	urai+barman831@hoverstate.edu	2022-11-06 11:48:06.832-05	2022-11-06 11:48:06.832-05
180	Aminu	Medina	hiromi.bunma@hoverstate.edu	2022-11-06 11:48:06.832-05	2022-11-06 11:48:06.832-05
181	Tal	Ágústsdóttir	sanimeyer202@hoverstate.edu	2022-11-06 11:48:06.832-05	2022-11-06 11:48:06.832-05
182	Santosh	Þorsteinsson	artur.khatoon313@hoverstate.edu	2022-11-06 11:48:06.832-05	2022-11-06 11:48:06.832-05
183	Udom	Bauer	sharondlamini149@hoverstate.edu	2022-11-06 11:48:06.832-05	2022-11-06 11:48:06.832-05
184	Steve	Günther	galinasuissa@hoverstate.edu	2022-11-06 11:48:06.832-05	2022-11-06 11:48:06.832-05
185	Narong	Peter	petra+nakajima@hoverstate.edu	2022-11-06 11:48:06.832-05	2022-11-06 11:48:06.832-05
186	Krishna	Guðjónsdóttir	dariusz_thomas118@hoverstate.edu	2022-11-06 11:48:06.832-05	2022-11-06 11:48:06.832-05
187	Birgit	Möller	liping-ahmed689@hoverstate.edu	2022-11-06 11:48:06.832-05	2022-11-06 11:48:06.832-05
188	Mei	Nel	sunday-ueda@hoverstate.edu	2022-11-06 11:48:06.832-05	2022-11-06 11:48:06.832-05
189	Heike	Prins	saman+otieno@hoverstate.edu	2022-11-06 11:48:06.832-05	2022-11-06 11:48:06.832-05
190	Ekaterina	Schütz	anong-marin140@hoverstate.edu	2022-11-06 11:48:06.832-05	2022-11-06 11:48:06.832-05
191	Lijun	Pospíšilová	kiranhasegawa97@hoverstate.edu	2022-11-06 11:48:06.832-05	2022-11-06 11:48:06.832-05
192	Mariya	Jiménez	shoshanah+ruiz242@hoverstate.edu	2022-11-06 11:48:06.832-05	2022-11-06 11:48:06.832-05
193	Xiaoyan	Yamashita	mikhail-gu@hoverstate.edu	2022-11-06 11:48:06.832-05	2022-11-06 11:48:06.832-05
194	Ram	Witkowski	rong.oakley390@hoverstate.edu	2022-11-06 11:48:06.832-05	2022-11-06 11:48:06.832-05
195	Krzysztof	Ðekić	andrea.salazar@hoverstate.edu	2022-11-06 11:48:06.832-05	2022-11-06 11:48:06.832-05
196	Sunthon	Horáková	rekha.cano@hoverstate.edu	2022-11-06 11:48:06.832-05	2022-11-06 11:48:06.832-05
197	Ana-Maria	Helgadóttir	yong+chmielewski893@hoverstate.edu	2022-11-06 11:48:06.832-05	2022-11-06 11:48:06.832-05
198	Hauwa	Łukaszewski	ramesh.schmid@hoverstate.edu	2022-11-06 11:48:06.832-05	2022-11-06 11:48:06.832-05
199	Kseniya	Harðardóttir	toshikopetrova@hoverstate.edu	2022-11-06 11:48:06.832-05	2022-11-06 11:48:06.832-05
200	Andrew	Jankowski	masami_sakai594@hoverstate.edu	2022-11-06 11:48:06.832-05	2022-11-06 11:48:06.832-05
201	Sushila	Pavlova	xiaoping_yaakv@hoverstate.edu	2022-11-06 11:48:06.832-05	2022-11-06 11:48:06.832-05
202	Waraphon	Gutiérrez	aleksandra_sato116@hoverstate.edu	2022-11-06 11:48:06.832-05	2022-11-06 11:48:06.832-05
203	Ilya	Baran	nadezhda-khatoon@hoverstate.edu	2022-11-06 11:48:06.832-05	2022-11-06 11:48:06.832-05
204	Sushila	Szczepański	rafael-okafor461@hoverstate.edu	2022-11-06 11:48:06.832-05	2022-11-06 11:48:06.832-05
205	Roy	Adri	somsakshaikh@hoverstate.edu	2022-11-06 11:48:06.832-05	2022-11-06 11:48:06.832-05
206	Steinunn	Dahan	lyubov_moreno@hoverstate.edu	2022-11-06 11:48:06.832-05	2022-11-06 11:48:06.832-05
207	Suwit	Parker	jianping-huisman807@hoverstate.edu	2022-11-06 11:48:06.832-05	2022-11-06 11:48:06.832-05
208	Nadezhda	Æbeltoft	amina_borkowski70@hoverstate.edu	2022-11-06 11:48:06.832-05	2022-11-06 11:48:06.832-05
209	Magdalena	Dvořáková	akira_okoth@hoverstate.edu	2022-11-06 11:48:06.832-05	2022-11-06 11:48:06.832-05
210	Kristinn	Jabłoński	kai.makarova792@hoverstate.edu	2022-11-06 11:48:06.832-05	2022-11-06 11:48:06.832-05
211	Peng	Kjartansdóttir	xiaohong-taylor@hoverstate.edu	2022-11-06 11:48:06.832-05	2022-11-06 11:48:06.832-05
212	Yusuf	Pretorius	katarzyna_dahan@hoverstate.edu	2022-11-06 11:48:06.832-05	2022-11-06 11:48:06.832-05
213	Aleksander	Wanjala	pawel.bibi707@hoverstate.edu	2022-11-06 11:48:06.832-05	2022-11-06 11:48:06.832-05
214	Francisco	Matsumoto	ewamuhammadu@hoverstate.edu	2022-11-06 11:48:06.832-05	2022-11-06 11:48:06.832-05
215	Kamil	David	franromanov675@hoverstate.edu	2022-11-06 11:48:06.832-05	2022-11-06 11:48:06.832-05
216	Olga	Fukuda	jason-gao874@hoverstate.edu	2022-11-06 11:48:06.833-05	2022-11-06 11:48:06.833-05
217	Daniyel	Molefe	charoen+johnson983@hoverstate.edu	2022-11-06 11:48:06.833-05	2022-11-06 11:48:06.833-05
218	Shanti	Kamiński	iwonamabaso@hoverstate.edu	2022-11-06 11:48:06.833-05	2022-11-06 11:48:06.833-05
219	Amnuai	Nikitina	sri_schneider@hoverstate.edu	2022-11-06 11:48:06.833-05	2022-11-06 11:48:06.833-05
220	Marcin	Jónsson	inga-lewandowski426@hoverstate.edu	2022-11-06 11:48:06.833-05	2022-11-06 11:48:06.833-05
221	Igor	Dlamini	michalemmanuel90@hoverstate.edu	2022-11-06 11:48:06.833-05	2022-11-06 11:48:06.833-05
222	Karin	Begam	gabra-pritchard@hoverstate.edu	2022-11-06 11:48:06.833-05	2022-11-06 11:48:06.833-05
223	Paul	Nakajima	yinghu654@hoverstate.edu	2022-11-06 11:48:06.833-05	2022-11-06 11:48:06.833-05
224	Anastasiya	Goldstein	christopher_khoza374@hoverstate.edu	2022-11-06 11:48:06.833-05	2022-11-06 11:48:06.833-05
225	Tamar	Őrségi-Zölderdő	josef.bunsi854@hoverstate.edu	2022-11-06 11:48:06.833-05	2022-11-06 11:48:06.833-05
226	Jianjun	Gutiérrez	noam+baba398@hoverstate.edu	2022-11-06 11:48:06.833-05	2022-11-06 11:48:06.833-05
227	Ryan	Agbaria	piotrdas615@hoverstate.edu	2022-11-06 11:48:06.833-05	2022-11-06 11:48:06.833-05
228	Mpho	Őzse	amiyt-suwan799@hoverstate.edu	2022-11-06 11:48:06.833-05	2022-11-06 11:48:06.833-05
229	Yuko	Baloyi	jan-lange@hoverstate.edu	2022-11-06 11:48:06.833-05	2022-11-06 11:48:06.833-05
230	Susan	Černý	magda_walker611@hoverstate.edu	2022-11-06 11:48:06.833-05	2022-11-06 11:48:06.833-05
231	Ana	Dominguez	kirill+ito@hoverstate.edu	2022-11-06 11:48:06.833-05	2022-11-06 11:48:06.833-05
232	Wanphen	Fröhlich	jerzy.garba@hoverstate.edu	2022-11-06 11:48:06.833-05	2022-11-06 11:48:06.833-05
233	Michiko	Wolf	yisrael.reuben@hoverstate.edu	2022-11-06 11:48:06.833-05	2022-11-06 11:48:06.833-05
234	Roman	Yamamoto	urai-richards157@hoverstate.edu	2022-11-06 11:48:06.833-05	2022-11-06 11:48:06.833-05
235	Adam	Ishii	unnurbibi@hoverstate.edu	2022-11-06 11:48:06.833-05	2022-11-06 11:48:06.833-05
236	Kseniya	Pan	mary-udo203@hoverstate.edu	2022-11-06 11:48:06.833-05	2022-11-06 11:48:06.833-05
237	Anan	Möller	galina-roy@hoverstate.edu	2022-11-06 11:48:06.833-05	2022-11-06 11:48:06.833-05
238	Masami	Nuñez	yahayamichalak@hoverstate.edu	2022-11-06 11:48:06.833-05	2022-11-06 11:48:06.833-05
239	Rachel	Agbaria	johanna+zimmermann@hoverstate.edu	2022-11-06 11:48:06.833-05	2022-11-06 11:48:06.833-05
240	Johan	Rosenberg	mariusz_wolf@hoverstate.edu	2022-11-06 11:48:06.833-05	2022-11-06 11:48:06.833-05
241	Diego	Jasiński	angela-kwiatkowski@hoverstate.edu	2022-11-06 11:48:06.833-05	2022-11-06 11:48:06.833-05
242	Reiko	Saetang	pilar_bailey@hoverstate.edu	2022-11-06 11:48:06.833-05	2022-11-06 11:48:06.833-05
243	Diego	Żak	kevin_maluleke384@hoverstate.edu	2022-11-06 11:48:06.833-05	2022-11-06 11:48:06.833-05
244	Tal	Procházková	sam_mbatha@hoverstate.edu	2022-11-06 11:48:06.833-05	2022-11-06 11:48:06.833-05
245	Anong	Molefe	jason_romanov548@hoverstate.edu	2022-11-06 11:48:06.833-05	2022-11-06 11:48:06.833-05
246	Haruna	Novotná	heike.nakajima315@hoverstate.edu	2022-11-06 11:48:06.833-05	2022-11-06 11:48:06.833-05
247	Xiaoli	Procházka	urai.nakamura@hoverstate.edu	2022-11-06 11:48:06.833-05	2022-11-06 11:48:06.833-05
248	Elena	Makarova	krishna+de-groot455@hoverstate.edu	2022-11-06 11:48:06.833-05	2022-11-06 11:48:06.833-05
249	Chan	Kristjánsson	magdalena.de-graaf194@hoverstate.edu	2022-11-06 11:48:06.833-05	2022-11-06 11:48:06.833-05
250	Agata	Őzse	francisco-bakker531@hoverstate.edu	2022-11-06 11:48:06.833-05	2022-11-06 11:48:06.833-05
251	Chao	Smit	chanahward166@hoverstate.edu	2022-11-06 11:48:06.833-05	2022-11-06 11:48:06.833-05
252	Samran	Vos	li.isah@hoverstate.edu	2022-11-06 11:48:06.833-05	2022-11-06 11:48:06.833-05
253	Krishna	Young	eva-pavlova@hoverstate.edu	2022-11-06 11:48:06.833-05	2022-11-06 11:48:06.833-05
254	Janusz	Njuguna	andrimishra493@hoverstate.edu	2022-11-06 11:48:06.833-05	2022-11-06 11:48:06.833-05
255	Ravi	Zemanová	katsumi.khoza21@hoverstate.edu	2022-11-06 11:48:06.833-05	2022-11-06 11:48:06.833-05
256	Somphong	Peña	somchit_marciniak214@hoverstate.edu	2022-11-06 11:48:06.833-05	2022-11-06 11:48:06.833-05
257	Hui	Dijkstra	hans-ulrich-yamashita@hoverstate.edu	2022-11-06 11:48:06.833-05	2022-11-06 11:48:06.833-05
258	Meiyr	Martinez	ursula+kimani@hoverstate.edu	2022-11-06 11:48:06.833-05	2022-11-06 11:48:06.833-05
259	Rong	Mwangi	steinunn+parry@hoverstate.edu	2022-11-06 11:48:06.833-05	2022-11-06 11:48:06.833-05
260	Zhen	Martin	jianguo_khatun@hoverstate.edu	2022-11-06 11:48:06.833-05	2022-11-06 11:48:06.833-05
261	Nan	Vargas	uriy+shapiro@hoverstate.edu	2022-11-06 11:48:06.833-05	2022-11-06 11:48:06.833-05
262	Alejandro	Walczak	jose-maria-golan634@hoverstate.edu	2022-11-06 11:48:06.833-05	2022-11-06 11:48:06.833-05
263	Artur	Shevchenko	agnieszka.owino@hoverstate.edu	2022-11-06 11:48:06.833-05	2022-11-06 11:48:06.833-05
264	Chao	Shevchenko	irina+molina@hoverstate.edu	2022-11-06 11:48:06.833-05	2022-11-06 11:48:06.833-05
265	Karen	Köhler	ann_mohamed525@hoverstate.edu	2022-11-06 11:48:06.833-05	2022-11-06 11:48:06.833-05
266	Kamil	Muñoz	ritapeters@hoverstate.edu	2022-11-06 11:48:06.833-05	2022-11-06 11:48:06.833-05
267	Jose	Onyango	ning-marek455@hoverstate.edu	2022-11-06 11:48:06.833-05	2022-11-06 11:48:06.833-05
268	Lyubov	Shehu	katsumi+adri56@hoverstate.edu	2022-11-06 11:48:06.833-05	2022-11-06 11:48:06.833-05
269	Cheng	Nováková	jabulani_cui@hoverstate.edu	2022-11-06 11:48:06.833-05	2022-11-06 11:48:06.833-05
270	Brian	Kristjánsdóttir	gunnarcheruiyot53@hoverstate.edu	2022-11-06 11:48:06.833-05	2022-11-06 11:48:06.833-05
271	Charles	Haraldsdóttir	norikopopov@hoverstate.edu	2022-11-06 11:48:06.833-05	2022-11-06 11:48:06.833-05
272	Kristina	Groß	faith+khumalo529@hoverstate.edu	2022-11-06 11:48:06.833-05	2022-11-06 11:48:06.833-05
273	Tebogo	Yusuf	mariya+chen@hoverstate.edu	2022-11-06 11:48:06.833-05	2022-11-06 11:48:06.833-05
274	Reiko	Schmitt	nancy+zhong@hoverstate.edu	2022-11-06 11:48:06.833-05	2022-11-06 11:48:06.833-05
275	Sarah	Pérez	kai-inoue@hoverstate.edu	2022-11-06 11:48:06.833-05	2022-11-06 11:48:06.833-05
276	Michiko	Martínez	salisu+castro@hoverstate.edu	2022-11-06 11:48:06.833-05	2022-11-06 11:48:06.833-05
277	Gabra	Jacobs	lindiwe_edwards784@hoverstate.edu	2022-11-06 11:48:06.833-05	2022-11-06 11:48:06.833-05
278	Grace	Sigurjónsdóttir	somphontakeuchi525@hoverstate.edu	2022-11-06 11:48:06.833-05	2022-11-06 11:48:06.833-05
279	Lan	Koch	ling_mokoena732@hoverstate.edu	2022-11-06 11:48:06.833-05	2022-11-06 11:48:06.833-05
280	Tebogo	Peña	yosef_vasilev302@hoverstate.edu	2022-11-06 11:48:06.833-05	2022-11-06 11:48:06.833-05
281	Shimon	Olszewski	somchit.moreno450@hoverstate.edu	2022-11-06 11:48:06.833-05	2022-11-06 11:48:06.833-05
282	Xiang	Ólafsdóttir	marta-shemesh@hoverstate.edu	2022-11-06 11:48:06.833-05	2022-11-06 11:48:06.833-05
283	Yoshimi	Schmid	aleksey.dauda556@hoverstate.edu	2022-11-06 11:48:06.833-05	2022-11-06 11:48:06.833-05
284	Linda	Emmanuel	yongrubio@hoverstate.edu	2022-11-06 11:48:06.833-05	2022-11-06 11:48:06.833-05
285	Wolfgang	Chaichana	yhudiytqiu@hoverstate.edu	2022-11-06 11:48:06.833-05	2022-11-06 11:48:06.833-05
286	Shay	Lebedeva	takakolang@hoverstate.edu	2022-11-06 11:48:06.833-05	2022-11-06 11:48:06.833-05
287	Christa	Takahashi	vijay.peng947@hoverstate.edu	2022-11-06 11:48:06.833-05	2022-11-06 11:48:06.833-05
288	Jean	Liang	wichai.dominguez@hoverstate.edu	2022-11-06 11:48:06.833-05	2022-11-06 11:48:06.833-05
289	Bjarni	Griffiths	rong-liu579@hoverstate.edu	2022-11-06 11:48:06.833-05	2022-11-06 11:48:06.833-05
290	Xiaoyan	López	yukio.hopkins411@hoverstate.edu	2022-11-06 11:48:06.833-05	2022-11-06 11:48:06.833-05
291	Monika	Zieliński	adiy.yakovleva709@hoverstate.edu	2022-11-06 11:48:06.833-05	2022-11-06 11:48:06.833-05
292	Faith	Kato	maryam+borkowski@hoverstate.edu	2022-11-06 11:48:06.833-05	2022-11-06 11:48:06.833-05
293	Matt	Bekher	sriliao@hoverstate.edu	2022-11-06 11:48:06.833-05	2022-11-06 11:48:06.833-05
294	Francis	Benešová	nadezhda-lavyan98@hoverstate.edu	2022-11-06 11:48:06.833-05	2022-11-06 11:48:06.833-05
295	Pushpa	Kozlova	faith-salazar@hoverstate.edu	2022-11-06 11:48:06.833-05	2022-11-06 11:48:06.833-05
296	Rong	Dominguez	kanchana.mahto@hoverstate.edu	2022-11-06 11:48:06.833-05	2022-11-06 11:48:06.833-05
297	Ruth	Fröhlich	gunnar.friedman669@hoverstate.edu	2022-11-06 11:48:06.833-05	2022-11-06 11:48:06.833-05
298	Nkosinathi	Karanja	johannavaknin@hoverstate.edu	2022-11-06 11:48:06.833-05	2022-11-06 11:48:06.833-05
299	Christa	Łukaszewski	christian_kovalenko@hoverstate.edu	2022-11-06 11:48:06.833-05	2022-11-06 11:48:06.833-05
300	Mahmood	Parker	kristinn.dayan@hoverstate.edu	2022-11-06 11:48:06.833-05	2022-11-06 11:48:06.833-05
301	Sam	Helgadóttir	sommaibekher131@hoverstate.edu	2022-11-06 11:48:06.833-05	2022-11-06 11:48:06.833-05
302	Shay	Walker	adamu.novikov289@hoverstate.edu	2022-11-06 11:48:06.833-05	2022-11-06 11:48:06.833-05
303	Nadezhda	Johnson	marina+john@hoverstate.edu	2022-11-06 11:48:06.833-05	2022-11-06 11:48:06.833-05
304	Dmitry	Smirnov	yukio.ber505@hoverstate.edu	2022-11-06 11:48:06.833-05	2022-11-06 11:48:06.833-05
305	Masami	Fujita	nushi+yamashita314@hoverstate.edu	2022-11-06 11:48:06.833-05	2022-11-06 11:48:06.833-05
306	Dieter	Mazibuko	luis-saeueng361@hoverstate.edu	2022-11-06 11:48:06.833-05	2022-11-06 11:48:06.833-05
307	Sri	Halldórsdóttir	viktor.janssen233@hoverstate.edu	2022-11-06 11:48:06.833-05	2022-11-06 11:48:06.833-05
308	Isa	Þorsteinsdóttir	na_mahto@hoverstate.edu	2022-11-06 11:48:06.833-05	2022-11-06 11:48:06.833-05
309	Usha	Chávez	jacekzoabi@hoverstate.edu	2022-11-06 11:48:06.833-05	2022-11-06 11:48:06.833-05
310	Nushi	Devi	somkhit.thompson@hoverstate.edu	2022-11-06 11:48:06.833-05	2022-11-06 11:48:06.833-05
311	Roy	Suleiman	unnurkondo@hoverstate.edu	2022-11-06 11:48:06.833-05	2022-11-06 11:48:06.833-05
312	Elena	Zemanová	amit-he51@hoverstate.edu	2022-11-06 11:48:06.833-05	2022-11-06 11:48:06.833-05
313	Laura	Paramar	wolfgang_ali@hoverstate.edu	2022-11-06 11:48:06.833-05	2022-11-06 11:48:06.833-05
314	Gerhard	Hahn	christopher+cano@hoverstate.edu	2022-11-06 11:48:06.833-05	2022-11-06 11:48:06.833-05
315	Yoko	Kjartansdóttir	jose-manuel-audu295@hoverstate.edu	2022-11-06 11:48:06.833-05	2022-11-06 11:48:06.833-05
316	Haruna	Bunsi	justyna+khumalo@hoverstate.edu	2022-11-06 11:48:06.833-05	2022-11-06 11:48:06.833-05
317	Lucia	Keller	yue-moreno@hoverstate.edu	2022-11-06 11:48:06.833-05	2022-11-06 11:48:06.833-05
318	Aminu	Gíslason	laxmiharle-cowan790@hoverstate.edu	2022-11-06 11:48:06.833-05	2022-11-06 11:48:06.833-05
319	Stefan	Guðmundsson	haruna.cao366@hoverstate.edu	2022-11-06 11:48:06.833-05	2022-11-06 11:48:06.833-05
320	Liyor	Zakharov	faithusman@hoverstate.edu	2022-11-06 11:48:06.833-05	2022-11-06 11:48:06.833-05
321	Erla	Guðmundsdóttir	themba.tshabalala819@hoverstate.edu	2022-11-06 11:48:06.833-05	2022-11-06 11:48:06.833-05
322	Ko	Krawczyk	alexander_friedman@hoverstate.edu	2022-11-06 11:48:06.833-05	2022-11-06 11:48:06.833-05
323	Wirot	Pospíšilová	peng.parry@hoverstate.edu	2022-11-06 11:48:06.833-05	2022-11-06 11:48:06.833-05
324	Ko	Stefánsdóttir	lyudmilascholz@hoverstate.edu	2022-11-06 11:48:06.833-05	2022-11-06 11:48:06.833-05
325	Mardkhay	Guerrero	gangnakamura@hoverstate.edu	2022-11-06 11:48:06.833-05	2022-11-06 11:48:06.833-05
326	Irina	Vásquez	heikesithole997@hoverstate.edu	2022-11-06 11:48:06.833-05	2022-11-06 11:48:06.833-05
327	Kun	Okon	takashi_kuznetsov@hoverstate.edu	2022-11-06 11:48:06.833-05	2022-11-06 11:48:06.833-05
328	Prani	Pospíšil	ruth+maciejewski@hoverstate.edu	2022-11-06 11:48:06.833-05	2022-11-06 11:48:06.833-05
329	Yukio	Reyes	matthewmuhammadu703@hoverstate.edu	2022-11-06 11:48:06.833-05	2022-11-06 11:48:06.833-05
330	Yuval	Hussein	jose-antoniopeter435@hoverstate.edu	2022-11-06 11:48:06.833-05	2022-11-06 11:48:06.833-05
331	Shoshanah	Clarke	patricia-akinyi925@hoverstate.edu	2022-11-06 11:48:06.833-05	2022-11-06 11:48:06.833-05
332	Liyor	Taylor	tal-cao@hoverstate.edu	2022-11-06 11:48:06.833-05	2022-11-06 11:48:06.833-05
333	Qiang	Gaby	mo-wairimu134@hoverstate.edu	2022-11-06 11:48:06.833-05	2022-11-06 11:48:06.833-05
334	Hideo	Watanabe	marek_moreno2@hoverstate.edu	2022-11-06 11:48:06.833-05	2022-11-06 11:48:06.833-05
335	Rita	Ãshaikh	arnar.makarov178@hoverstate.edu	2022-11-06 11:48:06.833-05	2022-11-06 11:48:06.833-05
336	Miriam	Gupta	purity-lehmann@hoverstate.edu	2022-11-06 11:48:06.833-05	2022-11-06 11:48:06.833-05
337	Charoen	Guðmundsdóttir	chen.hendriks852@hoverstate.edu	2022-11-06 11:48:06.833-05	2022-11-06 11:48:06.833-05
338	Margaret	Magnússon	richard+cooper23@hoverstate.edu	2022-11-06 11:48:06.833-05	2022-11-06 11:48:06.833-05
339	Xiaoping	Liang	antonio.petrova213@hoverstate.edu	2022-11-06 11:48:06.833-05	2022-11-06 11:48:06.833-05
340	Rut	Edwards	dariusz+photsi214@hoverstate.edu	2022-11-06 11:48:06.833-05	2022-11-06 11:48:06.833-05
341	Ling	Meißner	shigeru-birgisson@hoverstate.edu	2022-11-06 11:48:06.833-05	2022-11-06 11:48:06.833-05
342	Paula	Halldórsdóttir	salisu-nikitina@hoverstate.edu	2022-11-06 11:48:06.833-05	2022-11-06 11:48:06.833-05
343	Alex	Þorsteinsson	sukanya-powell843@hoverstate.edu	2022-11-06 11:48:06.833-05	2022-11-06 11:48:06.833-05
344	John	Þórðarson	prasoet+richardson684@hoverstate.edu	2022-11-06 11:48:06.833-05	2022-11-06 11:48:06.833-05
345	Ying	Árnadóttir	andrew+shi@hoverstate.edu	2022-11-06 11:48:06.833-05	2022-11-06 11:48:06.833-05
346	Ning	Krejčí	angelababa190@hoverstate.edu	2022-11-06 11:48:06.833-05	2022-11-06 11:48:06.833-05
347	Liping	Baran	rattanamayer628@hoverstate.edu	2022-11-06 11:48:06.833-05	2022-11-06 11:48:06.833-05
348	John	Horák	sunthon.wright107@hoverstate.edu	2022-11-06 11:48:06.833-05	2022-11-06 11:48:06.833-05
349	Werner	Peter	sunil.stepanova638@hoverstate.edu	2022-11-06 11:48:06.833-05	2022-11-06 11:48:06.833-05
350	Yan	Őri	mikhail+harris@hoverstate.edu	2022-11-06 11:48:06.833-05	2022-11-06 11:48:06.833-05
351	Somnuek	Santos	ewazawadzki@hoverstate.edu	2022-11-06 11:48:06.833-05	2022-11-06 11:48:06.833-05
352	Evgeniy	Þórðarson	kseniya.de-bruijn@hoverstate.edu	2022-11-06 11:48:06.833-05	2022-11-06 11:48:06.833-05
353	Koshi	Marková	abubakar+adebayo517@hoverstate.edu	2022-11-06 11:48:06.833-05	2022-11-06 11:48:06.833-05
354	Susanne	Ramirez	mardkhay-mondal688@hoverstate.edu	2022-11-06 11:48:06.833-05	2022-11-06 11:48:06.833-05
355	Yelena	Ramirez	philip.zimmermann544@hoverstate.edu	2022-11-06 11:48:06.833-05	2022-11-06 11:48:06.833-05
356	Victor	Helgadóttir	thawi_lozano@hoverstate.edu	2022-11-06 11:48:06.833-05	2022-11-06 11:48:06.833-05
357	Ali	Böttcher	hisako.azulay@hoverstate.edu	2022-11-06 11:48:06.833-05	2022-11-06 11:48:06.833-05
358	Yoshimi	Muhammad	chen-klein383@hoverstate.edu	2022-11-06 11:48:06.833-05	2022-11-06 11:48:06.833-05
359	Teruko	Zheng	yasuo-rumbelow@hoverstate.edu	2022-11-06 11:48:06.833-05	2022-11-06 11:48:06.833-05
360	Lei	Novotný	ying-clarke@hoverstate.edu	2022-11-06 11:48:06.833-05	2022-11-06 11:48:06.833-05
361	Heike	Nguyen	brigitte_van-dijk329@hoverstate.edu	2022-11-06 11:48:06.833-05	2022-11-06 11:48:06.833-05
362	Min	Helgadóttir	hideo+torres@hoverstate.edu	2022-11-06 11:48:06.833-05	2022-11-06 11:48:06.833-05
363	Manju	Schütz	somphon_saidu727@hoverstate.edu	2022-11-06 11:48:06.833-05	2022-11-06 11:48:06.833-05
364	Vinod	Novotná	qing+paramar961@hoverstate.edu	2022-11-06 11:48:06.833-05	2022-11-06 11:48:06.833-05
365	Marina	Æbelø	laxmi-smit747@hoverstate.edu	2022-11-06 11:48:06.833-05	2022-11-06 11:48:06.833-05
366	Roman	Æbeltoft	ning-eliyahu@hoverstate.edu	2022-11-06 11:48:06.833-05	2022-11-06 11:48:06.833-05
367	Edda	Vásquez	hassan+de-graaf@hoverstate.edu	2022-11-06 11:48:06.833-05	2022-11-06 11:48:06.833-05
368	Rong	Pokorná	li.wei@hoverstate.edu	2022-11-06 11:48:06.833-05	2022-11-06 11:48:06.833-05
369	Sombun	Löffler	qiang.mahagna573@hoverstate.edu	2022-11-06 11:48:06.833-05	2022-11-06 11:48:06.833-05
370	Mohammed	Kamiński	isa.cui970@hoverstate.edu	2022-11-06 11:48:06.834-05	2022-11-06 11:48:06.834-05
371	Kamil	Guðmundsson	keiko_huang@hoverstate.edu	2022-11-06 11:48:06.834-05	2022-11-06 11:48:06.834-05
372	Anong	Fialová	elisabeth_rotich307@hoverstate.edu	2022-11-06 11:48:06.834-05	2022-11-06 11:48:06.834-05
373	Rajesh	Meijer	krzysztof.panya@hoverstate.edu	2022-11-06 11:48:06.834-05	2022-11-06 11:48:06.834-05
374	Kristina	Jónsson	chenkim338@hoverstate.edu	2022-11-06 11:48:06.834-05	2022-11-06 11:48:06.834-05
375	Muhammad	Smoakley	takeshi_svoboda463@hoverstate.edu	2022-11-06 11:48:06.834-05	2022-11-06 11:48:06.834-05
376	Shanti	Venter	hirokobrown@hoverstate.edu	2022-11-06 11:48:06.834-05	2022-11-06 11:48:06.834-05
377	Lei	Pokorná	uwe.mandal@hoverstate.edu	2022-11-06 11:48:06.834-05	2022-11-06 11:48:06.834-05
378	Yuval	Kučerová	omer+jaworski@hoverstate.edu	2022-11-06 11:48:06.834-05	2022-11-06 11:48:06.834-05
379	Fatima	Łukaszewski	rattana+chaichana@hoverstate.edu	2022-11-06 11:48:06.834-05	2022-11-06 11:48:06.834-05
380	Aisha	Saetan	otieno_ivanova@hoverstate.edu	2022-11-06 11:48:06.834-05	2022-11-06 11:48:06.834-05
381	Usha	Molina	ravigarza@hoverstate.edu	2022-11-06 11:48:06.834-05	2022-11-06 11:48:06.834-05
382	Vijay	Richter	shanti.ellis477@hoverstate.edu	2022-11-06 11:48:06.834-05	2022-11-06 11:48:06.834-05
383	Dennis	Ram	maryam+visser@hoverstate.edu	2022-11-06 11:48:06.834-05	2022-11-06 11:48:06.834-05
384	Roy	Hayashi	ravi-verhoeven@hoverstate.edu	2022-11-06 11:48:06.834-05	2022-11-06 11:48:06.834-05
385	Thulani	Wilson	hulda+sasaki214@hoverstate.edu	2022-11-06 11:48:06.834-05	2022-11-06 11:48:06.834-05
386	Darya	Klein	haimmorris425@hoverstate.edu	2022-11-06 11:48:06.834-05	2022-11-06 11:48:06.834-05
387	Bello	Őri	laxmi_adamczyk@hoverstate.edu	2022-11-06 11:48:06.834-05	2022-11-06 11:48:06.834-05
388	Prani	Jiang	joyce+vasileva@hoverstate.edu	2022-11-06 11:48:06.834-05	2022-11-06 11:48:06.834-05
389	Ian	Edwards	bingutierrez@hoverstate.edu	2022-11-06 11:48:06.834-05	2022-11-06 11:48:06.834-05
390	Ning	Hartmann	josephfeldman@hoverstate.edu	2022-11-06 11:48:06.834-05	2022-11-06 11:48:06.834-05
391	Miguel	Murakami	kiyoshi_martinez@hoverstate.edu	2022-11-06 11:48:06.834-05	2022-11-06 11:48:06.834-05
392	Qiang	Kjartansson	shay_sato@hoverstate.edu	2022-11-06 11:48:06.834-05	2022-11-06 11:48:06.834-05
393	Natalya	Jia	mukesh+harrison@hoverstate.edu	2022-11-06 11:48:06.834-05	2022-11-06 11:48:06.834-05
394	Manfred	Neumann	qing-hernandez@hoverstate.edu	2022-11-06 11:48:06.834-05	2022-11-06 11:48:06.834-05
395	Yan	Králová	vladimir.adhiambo497@hoverstate.edu	2022-11-06 11:48:06.834-05	2022-11-06 11:48:06.834-05
396	Piotr	Jasiński	kiran-meyer946@hoverstate.edu	2022-11-06 11:48:06.834-05	2022-11-06 11:48:06.834-05
397	Gerhard	Krause	stefan+ibrahim289@hoverstate.edu	2022-11-06 11:48:06.834-05	2022-11-06 11:48:06.834-05
398	Galina	Kristjánsson	xiaohongdavis@hoverstate.edu	2022-11-06 11:48:06.834-05	2022-11-06 11:48:06.834-05
399	Richard	Ragnarsdóttir	sunil_gomez174@hoverstate.edu	2022-11-06 11:48:06.834-05	2022-11-06 11:48:06.834-05
400	Nikita	Peeters	markbegam@hoverstate.edu	2022-11-06 11:48:06.834-05	2022-11-06 11:48:06.834-05
401	Miguel	Einarsson	samran+hughes41@hoverstate.edu	2022-11-06 11:48:06.834-05	2022-11-06 11:48:06.834-05
402	Sunil	Jónsdóttir	yhudiyt.dlamini466@hoverstate.edu	2022-11-06 11:48:06.834-05	2022-11-06 11:48:06.834-05
403	Stephen	Müller	omer_adebayo191@hoverstate.edu	2022-11-06 11:48:06.834-05	2022-11-06 11:48:06.834-05
404	Waraphon	Nuñez	ling_jung337@hoverstate.edu	2022-11-06 11:48:06.834-05	2022-11-06 11:48:06.834-05
405	Manju	Yoshida	winaibauer600@hoverstate.edu	2022-11-06 11:48:06.834-05	2022-11-06 11:48:06.834-05
406	Alyona	Baldursdóttir	bernd+collins692@hoverstate.edu	2022-11-06 11:48:06.834-05	2022-11-06 11:48:06.834-05
407	Manfred	Wilk	maria_sanchez@hoverstate.edu	2022-11-06 11:48:06.834-05	2022-11-06 11:48:06.834-05
408	Kiran	Jabłoński	somkhitsaeli@hoverstate.edu	2022-11-06 11:48:06.834-05	2022-11-06 11:48:06.834-05
409	Takako	Birgisdóttir	somphonsaeueng@hoverstate.edu	2022-11-06 11:48:06.834-05	2022-11-06 11:48:06.834-05
410	Miriam	Deng	giselakwiatkowski@hoverstate.edu	2022-11-06 11:48:06.834-05	2022-11-06 11:48:06.834-05
411	Agnieszka	Mizrahi	ping+hayashi24@hoverstate.edu	2022-11-06 11:48:06.834-05	2022-11-06 11:48:06.834-05
412	Rekha	Abubakar	johanna.ngobeni@hoverstate.edu	2022-11-06 11:48:06.834-05	2022-11-06 11:48:06.834-05
413	Wanjiru	Guðjónsson	aleksander.taylor846@hoverstate.edu	2022-11-06 11:48:06.834-05	2022-11-06 11:48:06.834-05
414	Moshe	Guzmán	sawat.thongdi@hoverstate.edu	2022-11-06 11:48:06.834-05	2022-11-06 11:48:06.834-05
415	Katarzyna	Majewski	manfred.okoth@hoverstate.edu	2022-11-06 11:48:06.834-05	2022-11-06 11:48:06.834-05
416	Kristina	Valdez	isaacsokolova17@hoverstate.edu	2022-11-06 11:48:06.834-05	2022-11-06 11:48:06.834-05
417	Wolfgang	Gunnarsdóttir	ahmad+janssen466@hoverstate.edu	2022-11-06 11:48:06.834-05	2022-11-06 11:48:06.834-05
418	Yael	Jin	kristina-wagner@hoverstate.edu	2022-11-06 11:48:06.834-05	2022-11-06 11:48:06.834-05
419	Luis	Ágústsson	sergio_mutuku@hoverstate.edu	2022-11-06 11:48:06.834-05	2022-11-06 11:48:06.834-05
420	Oleg	Birgisdóttir	georgembatha@hoverstate.edu	2022-11-06 11:48:06.834-05	2022-11-06 11:48:06.834-05
421	Yelena	Łuczak	ryan+njeri635@hoverstate.edu	2022-11-06 11:48:06.834-05	2022-11-06 11:48:06.834-05
422	Miriam	Anyango	rajeshber417@hoverstate.edu	2022-11-06 11:48:06.834-05	2022-11-06 11:48:06.834-05
423	Ahmad	Kučera	fumiko+chepkemoi16@hoverstate.edu	2022-11-06 11:48:06.834-05	2022-11-06 11:48:06.834-05
424	Sommai	Czarnecki	helgamazur@hoverstate.edu	2022-11-06 11:48:06.834-05	2022-11-06 11:48:06.834-05
425	Emiko	Suwan	miriam_sato475@hoverstate.edu	2022-11-06 11:48:06.834-05	2022-11-06 11:48:06.834-05
426	Laxmi	Van-den-Berg	santosh+maseko@hoverstate.edu	2022-11-06 11:48:06.834-05	2022-11-06 11:48:06.834-05
427	Steven	Mulder	shankar_ueda578@hoverstate.edu	2022-11-06 11:48:06.834-05	2022-11-06 11:48:06.834-05
428	Ana	Hassan	ursula+omer@hoverstate.edu	2022-11-06 11:48:06.834-05	2022-11-06 11:48:06.834-05
429	Yakubu	Ahmed	iwona-isah137@hoverstate.edu	2022-11-06 11:48:06.834-05	2022-11-06 11:48:06.834-05
430	Koshi	Dlamini	otieno.zajac@hoverstate.edu	2022-11-06 11:48:06.834-05	2022-11-06 11:48:06.834-05
431	Vijay	Harðarson	mohan.smee313@hoverstate.edu	2022-11-06 11:48:06.834-05	2022-11-06 11:48:06.834-05
432	Mohan	Mishra	busisiwe+prieto85@hoverstate.edu	2022-11-06 11:48:06.834-05	2022-11-06 11:48:06.834-05
433	Patrick	König	prichacohen@hoverstate.edu	2022-11-06 11:48:06.834-05	2022-11-06 11:48:06.834-05
434	Galina	Wang	caroline_pugh@hoverstate.edu	2022-11-06 11:48:06.834-05	2022-11-06 11:48:06.834-05
435	Jianhua	Koch	mieko-chauke@hoverstate.edu	2022-11-06 11:48:06.834-05	2022-11-06 11:48:06.834-05
436	Asha	Ayutthaya	yoshimi-achieng154@hoverstate.edu	2022-11-06 11:48:06.834-05	2022-11-06 11:48:06.834-05
437	Jesus	Juma	samran-bos434@hoverstate.edu	2022-11-06 11:48:06.834-05	2022-11-06 11:48:06.834-05
438	Lalita	Pospíšil	uwe_simiyu@hoverstate.edu	2022-11-06 11:48:06.834-05	2022-11-06 11:48:06.834-05
439	Carlos	Hernández	bjarni.lavyan@hoverstate.edu	2022-11-06 11:48:06.834-05	2022-11-06 11:48:06.834-05
440	Amnuai	Thongkham	xiaohong.romero@hoverstate.edu	2022-11-06 11:48:06.834-05	2022-11-06 11:48:06.834-05
441	Thawi	Müller	xiaoping_liu@hoverstate.edu	2022-11-06 11:48:06.834-05	2022-11-06 11:48:06.834-05
442	Walter	Okon	agnieszka+nowakowski@hoverstate.edu	2022-11-06 11:48:06.834-05	2022-11-06 11:48:06.834-05
443	Abdul	Cohen	phonthip_kristinsson@hoverstate.edu	2022-11-06 11:48:06.834-05	2022-11-06 11:48:06.834-05
444	Eugenia	Koch	esterreyes268@hoverstate.edu	2022-11-06 11:48:06.834-05	2022-11-06 11:48:06.834-05
445	Masao	Huisman	svetlana_lloyd@hoverstate.edu	2022-11-06 11:48:06.834-05	2022-11-06 11:48:06.834-05
446	Kjartan	Yakovleva	ewa+yan194@hoverstate.edu	2022-11-06 11:48:06.834-05	2022-11-06 11:48:06.834-05
447	Somnuek	Sunday	ping_reuben330@hoverstate.edu	2022-11-06 11:48:06.834-05	2022-11-06 11:48:06.834-05
448	Mei	Okon	joan_bala422@hoverstate.edu	2022-11-06 11:48:06.834-05	2022-11-06 11:48:06.834-05
449	Sergey	Schmitt	nikolay+azulay262@hoverstate.edu	2022-11-06 11:48:06.834-05	2022-11-06 11:48:06.834-05
450	Charles	Jiménez	tomiko_krawczyk872@hoverstate.edu	2022-11-06 11:48:06.834-05	2022-11-06 11:48:06.834-05
451	Ibrahim	Scholz	victor_blanco834@hoverstate.edu	2022-11-06 11:48:06.834-05	2022-11-06 11:48:06.834-05
452	Shizuko	Wojciechowski	hiromi-van-der-heijden@hoverstate.edu	2022-11-06 11:48:06.834-05	2022-11-06 11:48:06.834-05
453	Hans	Chaichana	abdullahi_ostrowski@hoverstate.edu	2022-11-06 11:48:06.834-05	2022-11-06 11:48:06.834-05
454	Ann	Pokorná	michal.makarova@hoverstate.edu	2022-11-06 11:48:06.834-05	2022-11-06 11:48:06.834-05
455	Rekha	Pérez	toshio+llewellyn@hoverstate.edu	2022-11-06 11:48:06.834-05	2022-11-06 11:48:06.834-05
456	Michal	Bevan	william+saito@hoverstate.edu	2022-11-06 11:48:06.834-05	2022-11-06 11:48:06.834-05
457	Irina	Qiu	wirot_wilk@hoverstate.edu	2022-11-06 11:48:06.834-05	2022-11-06 11:48:06.834-05
458	Ning	Þorsteinsson	masami-santiago@hoverstate.edu	2022-11-06 11:48:06.834-05	2022-11-06 11:48:06.834-05
459	Sarah	Þórðardóttir	reiko.muhammed@hoverstate.edu	2022-11-06 11:48:06.834-05	2022-11-06 11:48:06.834-05
460	Blessing	Tshabalala	laxmisokolov@hoverstate.edu	2022-11-06 11:48:06.834-05	2022-11-06 11:48:06.834-05
461	Nonhlanhla	Moore	isaacmhamid84@hoverstate.edu	2022-11-06 11:48:06.834-05	2022-11-06 11:48:06.834-05
462	Ali	Förster	yong-jadhav182@hoverstate.edu	2022-11-06 11:48:06.834-05	2022-11-06 11:48:06.834-05
463	Hauwa	Roberts	isa-chen199@hoverstate.edu	2022-11-06 11:48:06.834-05	2022-11-06 11:48:06.834-05
464	Sunday	Sahu	ivan+zwane880@hoverstate.edu	2022-11-06 11:48:06.834-05	2022-11-06 11:48:06.834-05
465	Xiaoping	Feldman	toshio+marciniak@hoverstate.edu	2022-11-06 11:48:06.834-05	2022-11-06 11:48:06.834-05
466	Anong	Arnarson	xiang+smoakley379@hoverstate.edu	2022-11-06 11:48:06.834-05	2022-11-06 11:48:06.834-05
467	Lin	Moore	waraphonzhong610@hoverstate.edu	2022-11-06 11:48:06.835-05	2022-11-06 11:48:06.835-05
468	Winai	Jóhannesdóttir	sushila.mazibuko875@hoverstate.edu	2022-11-06 11:48:06.835-05	2022-11-06 11:48:06.835-05
469	Elke	Allen	wilai_bello@hoverstate.edu	2022-11-06 11:48:06.835-05	2022-11-06 11:48:06.835-05
470	Gareth	Smirnova	ngozi-ali@hoverstate.edu	2022-11-06 11:48:06.835-05	2022-11-06 11:48:06.835-05
471	Fumiko	Mhamid	haiyanfernandez@hoverstate.edu	2022-11-06 11:48:06.835-05	2022-11-06 11:48:06.835-05
472	Ngozi	Ðorðić	linda+maseko216@hoverstate.edu	2022-11-06 11:48:06.835-05	2022-11-06 11:48:06.835-05
473	Shigeru	Dvořáková	yuvalnikolaev@hoverstate.edu	2022-11-06 11:48:06.835-05	2022-11-06 11:48:06.835-05
474	Watsana	Chand	jennifer+baba@hoverstate.edu	2022-11-06 11:48:06.835-05	2022-11-06 11:48:06.835-05
475	Kjartan	Owen	kaisawicki910@hoverstate.edu	2022-11-06 11:48:06.835-05	2022-11-06 11:48:06.835-05
476	Lijun	Rumbelow	paulina.yamaguchi664@hoverstate.edu	2022-11-06 11:48:06.835-05	2022-11-06 11:48:06.835-05
477	Nikita	Arai	eliyahu+yakovleva66@hoverstate.edu	2022-11-06 11:48:06.835-05	2022-11-06 11:48:06.835-05
478	George	Méndez	otieno+gomez838@hoverstate.edu	2022-11-06 11:48:06.835-05	2022-11-06 11:48:06.835-05
479	Arun	Pálsdóttir	uwe_torres@hoverstate.edu	2022-11-06 11:48:06.835-05	2022-11-06 11:48:06.835-05
480	Lei	Kuipers	victor.lloyd925@hoverstate.edu	2022-11-06 11:48:06.835-05	2022-11-06 11:48:06.835-05
481	Isa	Nakajima	gang.cheruiyot411@hoverstate.edu	2022-11-06 11:48:06.835-05	2022-11-06 11:48:06.835-05
482	Horst	Żak	carlossukkasem393@hoverstate.edu	2022-11-06 11:48:06.835-05	2022-11-06 11:48:06.835-05
483	Xiaohong	Bunsi	mo_herrera@hoverstate.edu	2022-11-06 11:48:06.835-05	2022-11-06 11:48:06.835-05
484	Johanna	Ellis	victor_okoro496@hoverstate.edu	2022-11-06 11:48:06.835-05	2022-11-06 11:48:06.835-05
485	Linda	Novotná	laura+collins@hoverstate.edu	2022-11-06 11:48:06.835-05	2022-11-06 11:48:06.835-05
486	Jose-Manuel	Łapiński	joyce_mizrahi@hoverstate.edu	2022-11-06 11:48:06.835-05	2022-11-06 11:48:06.835-05
487	Claire	Simiyu	willemkwiatkowski@hoverstate.edu	2022-11-06 11:48:06.835-05	2022-11-06 11:48:06.835-05
488	Mpho	Þórðardóttir	annabala@hoverstate.edu	2022-11-06 11:48:06.835-05	2022-11-06 11:48:06.835-05
489	Guy	Watanabe	yue+kikuchi@hoverstate.edu	2022-11-06 11:48:06.835-05	2022-11-06 11:48:06.835-05
490	Petra	Ishikawa	catherine-yin@hoverstate.edu	2022-11-06 11:48:06.835-05	2022-11-06 11:48:06.835-05
491	Christian	Möller	liping+prieto@hoverstate.edu	2022-11-06 11:48:06.835-05	2022-11-06 11:48:06.835-05
492	Xiaoyan	Žukauskienė	mosherani779@hoverstate.edu	2022-11-06 11:48:06.835-05	2022-11-06 11:48:06.835-05
493	Kiyoshi	Einarsdóttir	arnar.khatib@hoverstate.edu	2022-11-06 11:48:06.835-05	2022-11-06 11:48:06.835-05
494	Juan	Veselý	busisiwe+romanov@hoverstate.edu	2022-11-06 11:48:06.835-05	2022-11-06 11:48:06.835-05
495	Sibongile	Szewczyk	liyor+walczak@hoverstate.edu	2022-11-06 11:48:06.835-05	2022-11-06 11:48:06.835-05
496	Karen	Göbel	xiangmarin342@hoverstate.edu	2022-11-06 11:48:06.835-05	2022-11-06 11:48:06.835-05
497	Dieter	Cherinsuk	krzysztof_sunday@hoverstate.edu	2022-11-06 11:48:06.835-05	2022-11-06 11:48:06.835-05
498	Kenneth	Mikhaylova	clairecele837@hoverstate.edu	2022-11-06 11:48:06.835-05	2022-11-06 11:48:06.835-05
499	Matthew	Wood	magdalena.roy@hoverstate.edu	2022-11-06 11:48:06.835-05	2022-11-06 11:48:06.835-05
500	Usha	Jin	magda.baloyi936@hoverstate.edu	2022-11-06 11:48:06.835-05	2022-11-06 11:48:06.835-05
\.


--
-- Data for Name: students_courses; Type: TABLE DATA; Schema: public; Owner: austin
--

COPY public.students_courses (id, student_id, course_id, "createdAt", "updatedAt", grade) FROM stdin;
1	12	30	2022-11-06 11:48:07.324-05	2022-11-06 11:48:07.324-05	4
2	414	45	2022-11-06 11:48:07.325-05	2022-11-06 11:48:07.325-05	1
3	43	19	2022-11-06 11:48:07.325-05	2022-11-06 11:48:07.325-05	2
4	261	2	2022-11-06 11:48:07.324-05	2022-11-06 11:48:07.324-05	1
5	418	1	2022-11-06 11:48:07.324-05	2022-11-06 11:48:07.324-05	4
6	118	42	2022-11-06 11:48:07.326-05	2022-11-06 11:48:07.326-05	1
7	5	30	2022-11-06 11:48:07.326-05	2022-11-06 11:48:07.326-05	3
8	102	32	2022-11-06 11:48:07.326-05	2022-11-06 11:48:07.326-05	4
9	196	36	2022-11-06 11:48:07.326-05	2022-11-06 11:48:07.326-05	3
10	187	32	2022-11-06 11:48:07.326-05	2022-11-06 11:48:07.326-05	2
11	233	37	2022-11-06 11:48:07.327-05	2022-11-06 11:48:07.327-05	0
12	118	2	2022-11-06 11:48:07.327-05	2022-11-06 11:48:07.327-05	1
13	430	21	2022-11-06 11:48:07.327-05	2022-11-06 11:48:07.327-05	1
14	412	30	2022-11-06 11:48:07.327-05	2022-11-06 11:48:07.327-05	1
15	263	38	2022-11-06 11:48:07.328-05	2022-11-06 11:48:07.328-05	2
16	367	42	2022-11-06 11:48:07.328-05	2022-11-06 11:48:07.328-05	0
17	9	47	2022-11-06 11:48:07.327-05	2022-11-06 11:48:07.327-05	3
18	425	49	2022-11-06 11:48:07.327-05	2022-11-06 11:48:07.327-05	2
19	421	30	2022-11-06 11:48:07.328-05	2022-11-06 11:48:07.328-05	3
20	492	46	2022-11-06 11:48:07.328-05	2022-11-06 11:48:07.328-05	1
21	283	40	2022-11-06 11:48:07.33-05	2022-11-06 11:48:07.33-05	2
22	445	23	2022-11-06 11:48:07.331-05	2022-11-06 11:48:07.331-05	3
23	218	43	2022-11-06 11:48:07.329-05	2022-11-06 11:48:07.329-05	3
24	417	13	2022-11-06 11:48:07.332-05	2022-11-06 11:48:07.332-05	1
25	487	12	2022-11-06 11:48:07.329-05	2022-11-06 11:48:07.329-05	1
26	433	25	2022-11-06 11:48:07.332-05	2022-11-06 11:48:07.332-05	2
27	436	13	2022-11-06 11:48:07.331-05	2022-11-06 11:48:07.331-05	1
28	366	13	2022-11-06 11:48:07.332-05	2022-11-06 11:48:07.332-05	2
29	366	46	2022-11-06 11:48:07.333-05	2022-11-06 11:48:07.333-05	2
30	216	9	2022-11-06 11:48:07.332-05	2022-11-06 11:48:07.332-05	2
31	345	2	2022-11-06 11:48:07.333-05	2022-11-06 11:48:07.333-05	1
32	331	22	2022-11-06 11:48:07.333-05	2022-11-06 11:48:07.333-05	4
33	138	19	2022-11-06 11:48:07.334-05	2022-11-06 11:48:07.334-05	2
34	206	34	2022-11-06 11:48:07.334-05	2022-11-06 11:48:07.334-05	1
35	462	40	2022-11-06 11:48:07.333-05	2022-11-06 11:48:07.333-05	1
36	338	19	2022-11-06 11:48:07.333-05	2022-11-06 11:48:07.333-05	2
37	327	30	2022-11-06 11:48:07.335-05	2022-11-06 11:48:07.335-05	1
38	390	46	2022-11-06 11:48:07.335-05	2022-11-06 11:48:07.335-05	2
39	12	8	2022-11-06 11:48:07.334-05	2022-11-06 11:48:07.334-05	0
40	268	32	2022-11-06 11:48:07.334-05	2022-11-06 11:48:07.334-05	3
41	204	3	2022-11-06 11:48:07.335-05	2022-11-06 11:48:07.335-05	3
42	172	44	2022-11-06 11:48:07.336-05	2022-11-06 11:48:07.336-05	2
43	105	2	2022-11-06 11:48:07.335-05	2022-11-06 11:48:07.335-05	1
44	252	35	2022-11-06 11:48:07.335-05	2022-11-06 11:48:07.335-05	2
45	63	15	2022-11-06 11:48:07.337-05	2022-11-06 11:48:07.337-05	4
46	387	15	2022-11-06 11:48:07.337-05	2022-11-06 11:48:07.337-05	1
47	413	42	2022-11-06 11:48:07.336-05	2022-11-06 11:48:07.336-05	3
48	30	42	2022-11-06 11:48:07.336-05	2022-11-06 11:48:07.336-05	0
49	410	33	2022-11-06 11:48:07.338-05	2022-11-06 11:48:07.338-05	1
50	228	45	2022-11-06 11:48:07.338-05	2022-11-06 11:48:07.338-05	1
51	429	50	2022-11-06 11:48:07.337-05	2022-11-06 11:48:07.337-05	0
52	494	35	2022-11-06 11:48:07.337-05	2022-11-06 11:48:07.337-05	3
53	297	26	2022-11-06 11:48:07.339-05	2022-11-06 11:48:07.339-05	1
54	132	41	2022-11-06 11:48:07.338-05	2022-11-06 11:48:07.338-05	2
55	349	21	2022-11-06 11:48:07.338-05	2022-11-06 11:48:07.338-05	2
56	350	37	2022-11-06 11:48:07.338-05	2022-11-06 11:48:07.338-05	3
57	378	16	2022-11-06 11:48:07.339-05	2022-11-06 11:48:07.339-05	3
58	419	38	2022-11-06 11:48:07.339-05	2022-11-06 11:48:07.339-05	2
59	417	42	2022-11-06 11:48:07.34-05	2022-11-06 11:48:07.34-05	2
60	17	37	2022-11-06 11:48:07.34-05	2022-11-06 11:48:07.34-05	3
61	481	36	2022-11-06 11:48:07.339-05	2022-11-06 11:48:07.339-05	0
62	161	29	2022-11-06 11:48:07.339-05	2022-11-06 11:48:07.339-05	3
63	486	18	2022-11-06 11:48:07.34-05	2022-11-06 11:48:07.34-05	2
64	220	36	2022-11-06 11:48:07.34-05	2022-11-06 11:48:07.34-05	0
65	138	40	2022-11-06 11:48:07.34-05	2022-11-06 11:48:07.34-05	4
66	159	17	2022-11-06 11:48:07.34-05	2022-11-06 11:48:07.34-05	4
67	85	13	2022-11-06 11:48:07.341-05	2022-11-06 11:48:07.341-05	1
68	267	13	2022-11-06 11:48:07.341-05	2022-11-06 11:48:07.341-05	0
69	407	11	2022-11-06 11:48:07.34-05	2022-11-06 11:48:07.34-05	1
70	100	24	2022-11-06 11:48:07.341-05	2022-11-06 11:48:07.341-05	1
71	250	36	2022-11-06 11:48:07.341-05	2022-11-06 11:48:07.341-05	2
72	346	11	2022-11-06 11:48:07.342-05	2022-11-06 11:48:07.342-05	1
73	57	20	2022-11-06 11:48:07.341-05	2022-11-06 11:48:07.341-05	3
74	489	12	2022-11-06 11:48:07.341-05	2022-11-06 11:48:07.341-05	3
75	330	1	2022-11-06 11:48:07.343-05	2022-11-06 11:48:07.343-05	2
76	36	31	2022-11-06 11:48:07.342-05	2022-11-06 11:48:07.342-05	3
77	43	45	2022-11-06 11:48:07.342-05	2022-11-06 11:48:07.342-05	2
78	327	44	2022-11-06 11:48:07.342-05	2022-11-06 11:48:07.342-05	3
79	473	35	2022-11-06 11:48:07.342-05	2022-11-06 11:48:07.342-05	1
80	409	40	2022-11-06 11:48:07.343-05	2022-11-06 11:48:07.343-05	3
81	23	3	2022-11-06 11:48:07.342-05	2022-11-06 11:48:07.342-05	2
82	195	44	2022-11-06 11:48:07.343-05	2022-11-06 11:48:07.343-05	3
83	313	13	2022-11-06 11:48:07.343-05	2022-11-06 11:48:07.343-05	3
84	134	49	2022-11-06 11:48:07.344-05	2022-11-06 11:48:07.344-05	2
85	394	43	2022-11-06 11:48:07.343-05	2022-11-06 11:48:07.343-05	0
86	297	45	2022-11-06 11:48:07.344-05	2022-11-06 11:48:07.344-05	2
87	437	1	2022-11-06 11:48:07.345-05	2022-11-06 11:48:07.345-05	1
88	272	27	2022-11-06 11:48:07.344-05	2022-11-06 11:48:07.344-05	3
89	64	22	2022-11-06 11:48:07.344-05	2022-11-06 11:48:07.344-05	2
90	298	1	2022-11-06 11:48:07.347-05	2022-11-06 11:48:07.347-05	2
91	119	19	2022-11-06 11:48:07.346-05	2022-11-06 11:48:07.346-05	4
92	450	36	2022-11-06 11:48:07.345-05	2022-11-06 11:48:07.345-05	2
93	224	6	2022-11-06 11:48:07.345-05	2022-11-06 11:48:07.345-05	3
94	193	16	2022-11-06 11:48:07.348-05	2022-11-06 11:48:07.348-05	4
95	451	16	2022-11-06 11:48:07.347-05	2022-11-06 11:48:07.347-05	1
96	309	48	2022-11-06 11:48:07.346-05	2022-11-06 11:48:07.346-05	2
97	6	42	2022-11-06 11:48:07.346-05	2022-11-06 11:48:07.346-05	1
98	187	11	2022-11-06 11:48:07.349-05	2022-11-06 11:48:07.349-05	1
99	53	12	2022-11-06 11:48:07.347-05	2022-11-06 11:48:07.347-05	0
100	111	47	2022-11-06 11:48:07.347-05	2022-11-06 11:48:07.347-05	0
101	352	10	2022-11-06 11:48:07.348-05	2022-11-06 11:48:07.348-05	1
102	338	24	2022-11-06 11:48:07.349-05	2022-11-06 11:48:07.349-05	4
103	157	47	2022-11-06 11:48:07.349-05	2022-11-06 11:48:07.349-05	3
104	252	3	2022-11-06 11:48:07.349-05	2022-11-06 11:48:07.349-05	3
105	413	12	2022-11-06 11:48:07.349-05	2022-11-06 11:48:07.349-05	0
106	249	32	2022-11-06 11:48:07.35-05	2022-11-06 11:48:07.35-05	3
107	389	35	2022-11-06 11:48:07.35-05	2022-11-06 11:48:07.35-05	1
108	211	22	2022-11-06 11:48:07.35-05	2022-11-06 11:48:07.35-05	0
109	38	42	2022-11-06 11:48:07.35-05	2022-11-06 11:48:07.35-05	2
110	289	5	2022-11-06 11:48:07.35-05	2022-11-06 11:48:07.35-05	3
111	24	35	2022-11-06 11:48:07.351-05	2022-11-06 11:48:07.351-05	1
112	59	23	2022-11-06 11:48:07.35-05	2022-11-06 11:48:07.35-05	1
113	195	34	2022-11-06 11:48:07.351-05	2022-11-06 11:48:07.351-05	1
114	121	12	2022-11-06 11:48:07.353-05	2022-11-06 11:48:07.353-05	3
115	243	35	2022-11-06 11:48:07.352-05	2022-11-06 11:48:07.352-05	2
116	259	6	2022-11-06 11:48:07.351-05	2022-11-06 11:48:07.351-05	2
117	439	19	2022-11-06 11:48:07.351-05	2022-11-06 11:48:07.351-05	1
118	424	23	2022-11-06 11:48:07.352-05	2022-11-06 11:48:07.352-05	2
119	208	44	2022-11-06 11:48:07.352-05	2022-11-06 11:48:07.352-05	0
120	209	18	2022-11-06 11:48:07.352-05	2022-11-06 11:48:07.352-05	3
121	273	28	2022-11-06 11:48:07.354-05	2022-11-06 11:48:07.354-05	3
122	278	30	2022-11-06 11:48:07.357-05	2022-11-06 11:48:07.357-05	1
123	136	45	2022-11-06 11:48:07.353-05	2022-11-06 11:48:07.353-05	0
124	469	26	2022-11-06 11:48:07.357-05	2022-11-06 11:48:07.357-05	0
125	54	31	2022-11-06 11:48:07.357-05	2022-11-06 11:48:07.357-05	2
126	351	5	2022-11-06 11:48:07.358-05	2022-11-06 11:48:07.358-05	4
127	70	26	2022-11-06 11:48:07.356-05	2022-11-06 11:48:07.356-05	2
128	315	30	2022-11-06 11:48:07.357-05	2022-11-06 11:48:07.357-05	4
129	426	23	2022-11-06 11:48:07.357-05	2022-11-06 11:48:07.357-05	1
130	70	33	2022-11-06 11:48:07.358-05	2022-11-06 11:48:07.358-05	2
131	326	19	2022-11-06 11:48:07.358-05	2022-11-06 11:48:07.358-05	1
132	215	49	2022-11-06 11:48:07.358-05	2022-11-06 11:48:07.358-05	4
133	391	22	2022-11-06 11:48:07.359-05	2022-11-06 11:48:07.359-05	4
134	169	45	2022-11-06 11:48:07.359-05	2022-11-06 11:48:07.359-05	3
135	23	43	2022-11-06 11:48:07.358-05	2022-11-06 11:48:07.358-05	1
136	229	21	2022-11-06 11:48:07.359-05	2022-11-06 11:48:07.359-05	2
137	478	3	2022-11-06 11:48:07.361-05	2022-11-06 11:48:07.361-05	2
138	280	50	2022-11-06 11:48:07.362-05	2022-11-06 11:48:07.362-05	3
139	249	36	2022-11-06 11:48:07.361-05	2022-11-06 11:48:07.361-05	0
140	34	8	2022-11-06 11:48:07.361-05	2022-11-06 11:48:07.361-05	0
141	168	11	2022-11-06 11:48:07.362-05	2022-11-06 11:48:07.362-05	0
142	345	10	2022-11-06 11:48:07.366-05	2022-11-06 11:48:07.366-05	2
143	190	36	2022-11-06 11:48:07.362-05	2022-11-06 11:48:07.362-05	1
144	87	11	2022-11-06 11:48:07.365-05	2022-11-06 11:48:07.365-05	2
145	201	37	2022-11-06 11:48:07.366-05	2022-11-06 11:48:07.366-05	3
146	179	31	2022-11-06 11:48:07.366-05	2022-11-06 11:48:07.366-05	4
147	221	41	2022-11-06 11:48:07.366-05	2022-11-06 11:48:07.366-05	2
148	91	5	2022-11-06 11:48:07.366-05	2022-11-06 11:48:07.366-05	3
149	295	20	2022-11-06 11:48:07.365-05	2022-11-06 11:48:07.365-05	2
150	135	45	2022-11-06 11:48:07.366-05	2022-11-06 11:48:07.366-05	3
151	318	17	2022-11-06 11:48:07.367-05	2022-11-06 11:48:07.367-05	2
152	59	12	2022-11-06 11:48:07.367-05	2022-11-06 11:48:07.367-05	3
153	171	10	2022-11-06 11:48:07.368-05	2022-11-06 11:48:07.368-05	0
154	431	18	2022-11-06 11:48:07.367-05	2022-11-06 11:48:07.367-05	1
155	3	6	2022-11-06 11:48:07.368-05	2022-11-06 11:48:07.368-05	1
156	402	37	2022-11-06 11:48:07.367-05	2022-11-06 11:48:07.367-05	4
157	76	7	2022-11-06 11:48:07.368-05	2022-11-06 11:48:07.368-05	2
158	498	9	2022-11-06 11:48:07.369-05	2022-11-06 11:48:07.369-05	3
159	62	48	2022-11-06 11:48:07.37-05	2022-11-06 11:48:07.37-05	3
160	456	37	2022-11-06 11:48:07.369-05	2022-11-06 11:48:07.369-05	2
161	71	25	2022-11-06 11:48:07.371-05	2022-11-06 11:48:07.371-05	2
162	319	42	2022-11-06 11:48:07.37-05	2022-11-06 11:48:07.37-05	4
163	5	15	2022-11-06 11:48:07.373-05	2022-11-06 11:48:07.373-05	1
164	117	9	2022-11-06 11:48:07.372-05	2022-11-06 11:48:07.372-05	1
165	352	12	2022-11-06 11:48:07.373-05	2022-11-06 11:48:07.373-05	1
166	400	45	2022-11-06 11:48:07.373-05	2022-11-06 11:48:07.373-05	0
167	237	2	2022-11-06 11:48:07.373-05	2022-11-06 11:48:07.373-05	0
168	341	14	2022-11-06 11:48:07.373-05	2022-11-06 11:48:07.373-05	0
169	118	50	2022-11-06 11:48:07.375-05	2022-11-06 11:48:07.375-05	4
170	237	39	2022-11-06 11:48:07.374-05	2022-11-06 11:48:07.374-05	2
171	441	11	2022-11-06 11:48:07.374-05	2022-11-06 11:48:07.374-05	0
172	41	18	2022-11-06 11:48:07.375-05	2022-11-06 11:48:07.375-05	1
173	73	49	2022-11-06 11:48:07.375-05	2022-11-06 11:48:07.375-05	3
174	89	24	2022-11-06 11:48:07.375-05	2022-11-06 11:48:07.375-05	3
175	429	49	2022-11-06 11:48:07.375-05	2022-11-06 11:48:07.375-05	2
176	202	22	2022-11-06 11:48:07.375-05	2022-11-06 11:48:07.375-05	2
177	423	49	2022-11-06 11:48:07.376-05	2022-11-06 11:48:07.376-05	1
178	138	2	2022-11-06 11:48:07.376-05	2022-11-06 11:48:07.376-05	2
179	466	13	2022-11-06 11:48:07.376-05	2022-11-06 11:48:07.376-05	1
180	129	26	2022-11-06 11:48:07.376-05	2022-11-06 11:48:07.376-05	2
181	81	38	2022-11-06 11:48:07.377-05	2022-11-06 11:48:07.377-05	3
182	84	9	2022-11-06 11:48:07.377-05	2022-11-06 11:48:07.377-05	2
183	337	46	2022-11-06 11:48:07.376-05	2022-11-06 11:48:07.376-05	1
184	23	3	2022-11-06 11:48:07.377-05	2022-11-06 11:48:07.377-05	3
185	81	40	2022-11-06 11:48:07.378-05	2022-11-06 11:48:07.378-05	2
186	66	17	2022-11-06 11:48:07.377-05	2022-11-06 11:48:07.377-05	3
187	78	46	2022-11-06 11:48:07.377-05	2022-11-06 11:48:07.377-05	3
188	93	1	2022-11-06 11:48:07.377-05	2022-11-06 11:48:07.377-05	1
189	4	25	2022-11-06 11:48:07.38-05	2022-11-06 11:48:07.38-05	3
190	67	10	2022-11-06 11:48:07.378-05	2022-11-06 11:48:07.378-05	2
191	469	48	2022-11-06 11:48:07.378-05	2022-11-06 11:48:07.378-05	1
192	138	37	2022-11-06 11:48:07.38-05	2022-11-06 11:48:07.38-05	4
193	61	32	2022-11-06 11:48:07.38-05	2022-11-06 11:48:07.38-05	1
194	140	47	2022-11-06 11:48:07.378-05	2022-11-06 11:48:07.378-05	0
195	378	35	2022-11-06 11:48:07.379-05	2022-11-06 11:48:07.379-05	3
196	400	19	2022-11-06 11:48:07.381-05	2022-11-06 11:48:07.381-05	2
197	311	14	2022-11-06 11:48:07.381-05	2022-11-06 11:48:07.381-05	1
198	349	43	2022-11-06 11:48:07.38-05	2022-11-06 11:48:07.38-05	2
199	266	44	2022-11-06 11:48:07.38-05	2022-11-06 11:48:07.38-05	2
200	231	26	2022-11-06 11:48:07.382-05	2022-11-06 11:48:07.382-05	3
201	446	13	2022-11-06 11:48:07.382-05	2022-11-06 11:48:07.382-05	1
202	167	19	2022-11-06 11:48:07.381-05	2022-11-06 11:48:07.381-05	2
203	475	31	2022-11-06 11:48:07.382-05	2022-11-06 11:48:07.382-05	1
204	165	6	2022-11-06 11:48:07.382-05	2022-11-06 11:48:07.382-05	2
205	281	16	2022-11-06 11:48:07.382-05	2022-11-06 11:48:07.382-05	2
206	77	22	2022-11-06 11:48:07.382-05	2022-11-06 11:48:07.382-05	1
207	276	48	2022-11-06 11:48:07.382-05	2022-11-06 11:48:07.382-05	0
208	363	37	2022-11-06 11:48:07.383-05	2022-11-06 11:48:07.383-05	4
209	50	31	2022-11-06 11:48:07.383-05	2022-11-06 11:48:07.383-05	3
210	471	40	2022-11-06 11:48:07.383-05	2022-11-06 11:48:07.383-05	3
211	276	26	2022-11-06 11:48:07.383-05	2022-11-06 11:48:07.383-05	3
212	164	40	2022-11-06 11:48:07.383-05	2022-11-06 11:48:07.383-05	1
213	356	30	2022-11-06 11:48:07.384-05	2022-11-06 11:48:07.384-05	1
214	447	12	2022-11-06 11:48:07.383-05	2022-11-06 11:48:07.383-05	2
215	379	41	2022-11-06 11:48:07.383-05	2022-11-06 11:48:07.383-05	3
216	473	50	2022-11-06 11:48:07.384-05	2022-11-06 11:48:07.384-05	1
217	54	32	2022-11-06 11:48:07.384-05	2022-11-06 11:48:07.384-05	1
218	413	30	2022-11-06 11:48:07.384-05	2022-11-06 11:48:07.384-05	3
219	250	32	2022-11-06 11:48:07.384-05	2022-11-06 11:48:07.384-05	1
220	427	13	2022-11-06 11:48:07.385-05	2022-11-06 11:48:07.385-05	1
221	315	34	2022-11-06 11:48:07.385-05	2022-11-06 11:48:07.385-05	0
222	480	45	2022-11-06 11:48:07.384-05	2022-11-06 11:48:07.384-05	3
223	260	25	2022-11-06 11:48:07.385-05	2022-11-06 11:48:07.385-05	3
224	13	24	2022-11-06 11:48:07.386-05	2022-11-06 11:48:07.386-05	3
225	162	32	2022-11-06 11:48:07.386-05	2022-11-06 11:48:07.386-05	2
226	479	19	2022-11-06 11:48:07.385-05	2022-11-06 11:48:07.385-05	3
227	91	30	2022-11-06 11:48:07.386-05	2022-11-06 11:48:07.386-05	3
228	269	32	2022-11-06 11:48:07.386-05	2022-11-06 11:48:07.386-05	4
229	376	25	2022-11-06 11:48:07.387-05	2022-11-06 11:48:07.387-05	2
230	193	26	2022-11-06 11:48:07.387-05	2022-11-06 11:48:07.387-05	1
231	187	26	2022-11-06 11:48:07.387-05	2022-11-06 11:48:07.387-05	0
232	499	35	2022-11-06 11:48:07.386-05	2022-11-06 11:48:07.386-05	3
233	460	25	2022-11-06 11:48:07.388-05	2022-11-06 11:48:07.388-05	3
234	478	2	2022-11-06 11:48:07.387-05	2022-11-06 11:48:07.387-05	3
235	149	11	2022-11-06 11:48:07.389-05	2022-11-06 11:48:07.389-05	2
236	409	26	2022-11-06 11:48:07.388-05	2022-11-06 11:48:07.388-05	2
237	119	50	2022-11-06 11:48:07.389-05	2022-11-06 11:48:07.389-05	3
238	231	39	2022-11-06 11:48:07.388-05	2022-11-06 11:48:07.388-05	4
239	220	47	2022-11-06 11:48:07.388-05	2022-11-06 11:48:07.388-05	4
240	237	7	2022-11-06 11:48:07.389-05	2022-11-06 11:48:07.389-05	3
241	308	12	2022-11-06 11:48:07.391-05	2022-11-06 11:48:07.391-05	3
242	221	25	2022-11-06 11:48:07.39-05	2022-11-06 11:48:07.39-05	2
243	474	37	2022-11-06 11:48:07.39-05	2022-11-06 11:48:07.39-05	4
244	36	40	2022-11-06 11:48:07.391-05	2022-11-06 11:48:07.391-05	1
245	79	49	2022-11-06 11:48:07.392-05	2022-11-06 11:48:07.392-05	4
246	208	38	2022-11-06 11:48:07.391-05	2022-11-06 11:48:07.391-05	3
247	196	32	2022-11-06 11:48:07.391-05	2022-11-06 11:48:07.391-05	1
248	476	5	2022-11-06 11:48:07.392-05	2022-11-06 11:48:07.392-05	4
249	106	42	2022-11-06 11:48:07.393-05	2022-11-06 11:48:07.393-05	2
250	81	28	2022-11-06 11:48:07.393-05	2022-11-06 11:48:07.393-05	4
251	140	50	2022-11-06 11:48:07.392-05	2022-11-06 11:48:07.392-05	1
252	498	28	2022-11-06 11:48:07.392-05	2022-11-06 11:48:07.392-05	3
253	85	50	2022-11-06 11:48:07.393-05	2022-11-06 11:48:07.393-05	3
254	470	28	2022-11-06 11:48:07.393-05	2022-11-06 11:48:07.393-05	0
255	219	17	2022-11-06 11:48:07.393-05	2022-11-06 11:48:07.393-05	1
256	291	49	2022-11-06 11:48:07.393-05	2022-11-06 11:48:07.393-05	2
257	233	1	2022-11-06 11:48:07.394-05	2022-11-06 11:48:07.394-05	2
258	487	42	2022-11-06 11:48:07.394-05	2022-11-06 11:48:07.394-05	0
259	457	18	2022-11-06 11:48:07.394-05	2022-11-06 11:48:07.394-05	3
260	350	3	2022-11-06 11:48:07.394-05	2022-11-06 11:48:07.394-05	1
261	408	34	2022-11-06 11:48:07.395-05	2022-11-06 11:48:07.395-05	1
262	360	28	2022-11-06 11:48:07.395-05	2022-11-06 11:48:07.395-05	3
263	225	29	2022-11-06 11:48:07.394-05	2022-11-06 11:48:07.394-05	0
264	191	29	2022-11-06 11:48:07.395-05	2022-11-06 11:48:07.395-05	2
265	112	5	2022-11-06 11:48:07.397-05	2022-11-06 11:48:07.397-05	1
266	236	41	2022-11-06 11:48:07.396-05	2022-11-06 11:48:07.396-05	2
267	492	20	2022-11-06 11:48:07.396-05	2022-11-06 11:48:07.396-05	4
268	242	6	2022-11-06 11:48:07.396-05	2022-11-06 11:48:07.396-05	2
269	428	15	2022-11-06 11:48:07.398-05	2022-11-06 11:48:07.398-05	2
270	19	6	2022-11-06 11:48:07.397-05	2022-11-06 11:48:07.397-05	3
271	71	28	2022-11-06 11:48:07.396-05	2022-11-06 11:48:07.396-05	3
272	229	50	2022-11-06 11:48:07.397-05	2022-11-06 11:48:07.397-05	1
273	156	39	2022-11-06 11:48:07.4-05	2022-11-06 11:48:07.4-05	4
274	290	2	2022-11-06 11:48:07.398-05	2022-11-06 11:48:07.398-05	1
275	110	23	2022-11-06 11:48:07.398-05	2022-11-06 11:48:07.398-05	2
276	313	8	2022-11-06 11:48:07.399-05	2022-11-06 11:48:07.399-05	0
277	301	3	2022-11-06 11:48:07.4-05	2022-11-06 11:48:07.4-05	1
278	348	29	2022-11-06 11:48:07.399-05	2022-11-06 11:48:07.399-05	1
279	27	29	2022-11-06 11:48:07.399-05	2022-11-06 11:48:07.399-05	3
280	207	13	2022-11-06 11:48:07.4-05	2022-11-06 11:48:07.4-05	2
281	497	11	2022-11-06 11:48:07.4-05	2022-11-06 11:48:07.4-05	1
282	151	22	2022-11-06 11:48:07.4-05	2022-11-06 11:48:07.4-05	3
283	439	26	2022-11-06 11:48:07.4-05	2022-11-06 11:48:07.4-05	2
284	147	23	2022-11-06 11:48:07.401-05	2022-11-06 11:48:07.401-05	1
285	75	11	2022-11-06 11:48:07.401-05	2022-11-06 11:48:07.401-05	3
286	434	15	2022-11-06 11:48:07.401-05	2022-11-06 11:48:07.401-05	1
287	294	16	2022-11-06 11:48:07.401-05	2022-11-06 11:48:07.401-05	2
288	207	13	2022-11-06 11:48:07.405-05	2022-11-06 11:48:07.405-05	4
289	95	7	2022-11-06 11:48:07.405-05	2022-11-06 11:48:07.405-05	2
290	364	35	2022-11-06 11:48:07.404-05	2022-11-06 11:48:07.404-05	4
291	469	21	2022-11-06 11:48:07.405-05	2022-11-06 11:48:07.405-05	3
292	361	8	2022-11-06 11:48:07.405-05	2022-11-06 11:48:07.405-05	4
293	103	12	2022-11-06 11:48:07.406-05	2022-11-06 11:48:07.406-05	4
294	389	21	2022-11-06 11:48:07.406-05	2022-11-06 11:48:07.406-05	1
295	372	40	2022-11-06 11:48:07.406-05	2022-11-06 11:48:07.406-05	1
296	184	9	2022-11-06 11:48:07.406-05	2022-11-06 11:48:07.406-05	2
297	333	36	2022-11-06 11:48:07.407-05	2022-11-06 11:48:07.407-05	3
298	405	45	2022-11-06 11:48:07.407-05	2022-11-06 11:48:07.407-05	4
299	109	44	2022-11-06 11:48:07.407-05	2022-11-06 11:48:07.407-05	1
300	116	18	2022-11-06 11:48:07.407-05	2022-11-06 11:48:07.407-05	3
301	150	24	2022-11-06 11:48:07.408-05	2022-11-06 11:48:07.408-05	0
302	378	32	2022-11-06 11:48:07.408-05	2022-11-06 11:48:07.408-05	3
303	109	48	2022-11-06 11:48:07.407-05	2022-11-06 11:48:07.407-05	3
304	231	8	2022-11-06 11:48:07.407-05	2022-11-06 11:48:07.407-05	3
305	206	13	2022-11-06 11:48:07.407-05	2022-11-06 11:48:07.407-05	1
306	415	30	2022-11-06 11:48:07.408-05	2022-11-06 11:48:07.408-05	0
307	264	44	2022-11-06 11:48:07.408-05	2022-11-06 11:48:07.408-05	1
308	245	6	2022-11-06 11:48:07.408-05	2022-11-06 11:48:07.408-05	1
309	84	4	2022-11-06 11:48:07.409-05	2022-11-06 11:48:07.409-05	2
310	357	19	2022-11-06 11:48:07.41-05	2022-11-06 11:48:07.41-05	0
311	48	28	2022-11-06 11:48:07.409-05	2022-11-06 11:48:07.409-05	4
312	365	45	2022-11-06 11:48:07.409-05	2022-11-06 11:48:07.409-05	2
313	325	3	2022-11-06 11:48:07.409-05	2022-11-06 11:48:07.409-05	1
314	69	32	2022-11-06 11:48:07.411-05	2022-11-06 11:48:07.411-05	1
315	165	25	2022-11-06 11:48:07.409-05	2022-11-06 11:48:07.409-05	4
316	273	34	2022-11-06 11:48:07.41-05	2022-11-06 11:48:07.41-05	3
317	422	11	2022-11-06 11:48:07.41-05	2022-11-06 11:48:07.41-05	4
318	21	50	2022-11-06 11:48:07.412-05	2022-11-06 11:48:07.412-05	4
319	327	36	2022-11-06 11:48:07.41-05	2022-11-06 11:48:07.41-05	1
320	180	2	2022-11-06 11:48:07.41-05	2022-11-06 11:48:07.41-05	0
321	380	18	2022-11-06 11:48:07.411-05	2022-11-06 11:48:07.411-05	0
322	215	18	2022-11-06 11:48:07.412-05	2022-11-06 11:48:07.412-05	1
323	64	19	2022-11-06 11:48:07.411-05	2022-11-06 11:48:07.411-05	3
324	387	37	2022-11-06 11:48:07.411-05	2022-11-06 11:48:07.411-05	2
325	41	37	2022-11-06 11:48:07.411-05	2022-11-06 11:48:07.411-05	4
326	17	35	2022-11-06 11:48:07.413-05	2022-11-06 11:48:07.413-05	3
327	314	4	2022-11-06 11:48:07.412-05	2022-11-06 11:48:07.412-05	3
328	121	26	2022-11-06 11:48:07.412-05	2022-11-06 11:48:07.412-05	2
329	15	47	2022-11-06 11:48:07.413-05	2022-11-06 11:48:07.413-05	2
330	59	21	2022-11-06 11:48:07.413-05	2022-11-06 11:48:07.413-05	0
331	268	44	2022-11-06 11:48:07.414-05	2022-11-06 11:48:07.414-05	2
332	14	33	2022-11-06 11:48:07.414-05	2022-11-06 11:48:07.414-05	0
333	84	7	2022-11-06 11:48:07.413-05	2022-11-06 11:48:07.413-05	1
334	398	36	2022-11-06 11:48:07.415-05	2022-11-06 11:48:07.415-05	4
335	161	13	2022-11-06 11:48:07.414-05	2022-11-06 11:48:07.414-05	1
336	457	20	2022-11-06 11:48:07.414-05	2022-11-06 11:48:07.414-05	4
337	227	21	2022-11-06 11:48:07.414-05	2022-11-06 11:48:07.414-05	1
338	81	3	2022-11-06 11:48:07.416-05	2022-11-06 11:48:07.416-05	2
339	118	39	2022-11-06 11:48:07.415-05	2022-11-06 11:48:07.415-05	3
340	228	19	2022-11-06 11:48:07.414-05	2022-11-06 11:48:07.414-05	0
341	157	10	2022-11-06 11:48:07.415-05	2022-11-06 11:48:07.415-05	3
342	261	27	2022-11-06 11:48:07.416-05	2022-11-06 11:48:07.416-05	1
343	210	43	2022-11-06 11:48:07.415-05	2022-11-06 11:48:07.415-05	2
344	280	23	2022-11-06 11:48:07.416-05	2022-11-06 11:48:07.416-05	3
345	384	24	2022-11-06 11:48:07.416-05	2022-11-06 11:48:07.416-05	1
346	261	15	2022-11-06 11:48:07.417-05	2022-11-06 11:48:07.417-05	2
347	3	9	2022-11-06 11:48:07.416-05	2022-11-06 11:48:07.416-05	2
348	443	45	2022-11-06 11:48:07.416-05	2022-11-06 11:48:07.416-05	2
349	126	20	2022-11-06 11:48:07.416-05	2022-11-06 11:48:07.416-05	1
350	37	39	2022-11-06 11:48:07.418-05	2022-11-06 11:48:07.418-05	4
351	91	43	2022-11-06 11:48:07.417-05	2022-11-06 11:48:07.417-05	1
352	164	41	2022-11-06 11:48:07.417-05	2022-11-06 11:48:07.417-05	2
353	280	13	2022-11-06 11:48:07.417-05	2022-11-06 11:48:07.417-05	2
354	18	18	2022-11-06 11:48:07.418-05	2022-11-06 11:48:07.418-05	1
355	144	3	2022-11-06 11:48:07.417-05	2022-11-06 11:48:07.417-05	3
356	174	45	2022-11-06 11:48:07.417-05	2022-11-06 11:48:07.417-05	2
357	414	26	2022-11-06 11:48:07.417-05	2022-11-06 11:48:07.417-05	0
358	437	5	2022-11-06 11:48:07.419-05	2022-11-06 11:48:07.419-05	2
359	498	9	2022-11-06 11:48:07.418-05	2022-11-06 11:48:07.418-05	4
360	89	5	2022-11-06 11:48:07.418-05	2022-11-06 11:48:07.418-05	3
361	19	50	2022-11-06 11:48:07.418-05	2022-11-06 11:48:07.418-05	3
362	242	18	2022-11-06 11:48:07.421-05	2022-11-06 11:48:07.421-05	2
363	215	37	2022-11-06 11:48:07.418-05	2022-11-06 11:48:07.418-05	0
364	173	47	2022-11-06 11:48:07.418-05	2022-11-06 11:48:07.418-05	2
365	92	32	2022-11-06 11:48:07.419-05	2022-11-06 11:48:07.419-05	1
366	430	16	2022-11-06 11:48:07.421-05	2022-11-06 11:48:07.421-05	2
367	337	32	2022-11-06 11:48:07.42-05	2022-11-06 11:48:07.42-05	2
368	339	31	2022-11-06 11:48:07.42-05	2022-11-06 11:48:07.42-05	0
369	196	14	2022-11-06 11:48:07.42-05	2022-11-06 11:48:07.42-05	1
370	211	18	2022-11-06 11:48:07.421-05	2022-11-06 11:48:07.421-05	1
371	412	16	2022-11-06 11:48:07.421-05	2022-11-06 11:48:07.421-05	3
372	56	26	2022-11-06 11:48:07.421-05	2022-11-06 11:48:07.421-05	4
373	231	35	2022-11-06 11:48:07.422-05	2022-11-06 11:48:07.422-05	2
374	339	50	2022-11-06 11:48:07.422-05	2022-11-06 11:48:07.422-05	1
375	204	29	2022-11-06 11:48:07.422-05	2022-11-06 11:48:07.422-05	0
376	363	1	2022-11-06 11:48:07.421-05	2022-11-06 11:48:07.421-05	2
377	102	29	2022-11-06 11:48:07.422-05	2022-11-06 11:48:07.422-05	2
378	144	5	2022-11-06 11:48:07.423-05	2022-11-06 11:48:07.423-05	2
379	121	35	2022-11-06 11:48:07.422-05	2022-11-06 11:48:07.422-05	2
380	331	7	2022-11-06 11:48:07.422-05	2022-11-06 11:48:07.422-05	2
381	388	46	2022-11-06 11:48:07.423-05	2022-11-06 11:48:07.423-05	1
382	386	37	2022-11-06 11:48:07.423-05	2022-11-06 11:48:07.423-05	2
383	161	47	2022-11-06 11:48:07.423-05	2022-11-06 11:48:07.423-05	0
384	144	32	2022-11-06 11:48:07.424-05	2022-11-06 11:48:07.424-05	1
385	264	27	2022-11-06 11:48:07.424-05	2022-11-06 11:48:07.424-05	1
386	386	47	2022-11-06 11:48:07.425-05	2022-11-06 11:48:07.425-05	1
387	97	35	2022-11-06 11:48:07.424-05	2022-11-06 11:48:07.424-05	3
388	5	23	2022-11-06 11:48:07.425-05	2022-11-06 11:48:07.425-05	4
389	315	27	2022-11-06 11:48:07.424-05	2022-11-06 11:48:07.424-05	0
390	40	50	2022-11-06 11:48:07.425-05	2022-11-06 11:48:07.425-05	3
391	84	18	2022-11-06 11:48:07.425-05	2022-11-06 11:48:07.425-05	3
392	88	45	2022-11-06 11:48:07.426-05	2022-11-06 11:48:07.426-05	4
393	60	29	2022-11-06 11:48:07.425-05	2022-11-06 11:48:07.425-05	1
394	294	44	2022-11-06 11:48:07.426-05	2022-11-06 11:48:07.426-05	4
395	417	43	2022-11-06 11:48:07.425-05	2022-11-06 11:48:07.425-05	2
396	256	24	2022-11-06 11:48:07.426-05	2022-11-06 11:48:07.426-05	4
397	105	35	2022-11-06 11:48:07.426-05	2022-11-06 11:48:07.426-05	4
398	202	44	2022-11-06 11:48:07.426-05	2022-11-06 11:48:07.426-05	1
399	469	37	2022-11-06 11:48:07.426-05	2022-11-06 11:48:07.426-05	3
400	418	4	2022-11-06 11:48:07.427-05	2022-11-06 11:48:07.427-05	4
401	129	31	2022-11-06 11:48:07.426-05	2022-11-06 11:48:07.426-05	3
402	74	41	2022-11-06 11:48:07.427-05	2022-11-06 11:48:07.427-05	2
403	33	37	2022-11-06 11:48:07.427-05	2022-11-06 11:48:07.427-05	2
404	146	38	2022-11-06 11:48:07.427-05	2022-11-06 11:48:07.427-05	4
405	166	19	2022-11-06 11:48:07.427-05	2022-11-06 11:48:07.427-05	2
406	479	33	2022-11-06 11:48:07.428-05	2022-11-06 11:48:07.428-05	4
407	203	10	2022-11-06 11:48:07.427-05	2022-11-06 11:48:07.427-05	0
408	200	21	2022-11-06 11:48:07.428-05	2022-11-06 11:48:07.428-05	3
409	356	16	2022-11-06 11:48:07.427-05	2022-11-06 11:48:07.427-05	1
410	111	40	2022-11-06 11:48:07.429-05	2022-11-06 11:48:07.429-05	1
411	178	13	2022-11-06 11:48:07.428-05	2022-11-06 11:48:07.428-05	0
412	180	47	2022-11-06 11:48:07.429-05	2022-11-06 11:48:07.429-05	2
413	273	50	2022-11-06 11:48:07.428-05	2022-11-06 11:48:07.428-05	3
414	439	44	2022-11-06 11:48:07.43-05	2022-11-06 11:48:07.43-05	1
415	436	21	2022-11-06 11:48:07.429-05	2022-11-06 11:48:07.429-05	3
416	99	12	2022-11-06 11:48:07.429-05	2022-11-06 11:48:07.429-05	2
417	325	6	2022-11-06 11:48:07.429-05	2022-11-06 11:48:07.429-05	0
418	451	27	2022-11-06 11:48:07.429-05	2022-11-06 11:48:07.429-05	2
419	328	43	2022-11-06 11:48:07.43-05	2022-11-06 11:48:07.43-05	2
420	175	6	2022-11-06 11:48:07.429-05	2022-11-06 11:48:07.429-05	3
421	196	34	2022-11-06 11:48:07.43-05	2022-11-06 11:48:07.43-05	2
422	383	31	2022-11-06 11:48:07.431-05	2022-11-06 11:48:07.431-05	1
423	3	17	2022-11-06 11:48:07.432-05	2022-11-06 11:48:07.432-05	3
424	111	13	2022-11-06 11:48:07.43-05	2022-11-06 11:48:07.43-05	4
425	271	40	2022-11-06 11:48:07.43-05	2022-11-06 11:48:07.43-05	0
426	89	15	2022-11-06 11:48:07.43-05	2022-11-06 11:48:07.43-05	2
427	428	2	2022-11-06 11:48:07.433-05	2022-11-06 11:48:07.433-05	0
428	298	50	2022-11-06 11:48:07.431-05	2022-11-06 11:48:07.431-05	3
429	147	7	2022-11-06 11:48:07.432-05	2022-11-06 11:48:07.432-05	2
430	359	37	2022-11-06 11:48:07.432-05	2022-11-06 11:48:07.432-05	1
431	294	42	2022-11-06 11:48:07.433-05	2022-11-06 11:48:07.433-05	3
432	423	2	2022-11-06 11:48:07.432-05	2022-11-06 11:48:07.432-05	3
433	207	47	2022-11-06 11:48:07.433-05	2022-11-06 11:48:07.433-05	0
434	231	45	2022-11-06 11:48:07.433-05	2022-11-06 11:48:07.433-05	3
435	279	18	2022-11-06 11:48:07.433-05	2022-11-06 11:48:07.433-05	2
436	436	36	2022-11-06 11:48:07.433-05	2022-11-06 11:48:07.433-05	2
437	480	29	2022-11-06 11:48:07.433-05	2022-11-06 11:48:07.433-05	3
438	160	7	2022-11-06 11:48:07.434-05	2022-11-06 11:48:07.434-05	4
439	42	18	2022-11-06 11:48:07.434-05	2022-11-06 11:48:07.434-05	3
440	307	39	2022-11-06 11:48:07.434-05	2022-11-06 11:48:07.434-05	3
441	242	37	2022-11-06 11:48:07.433-05	2022-11-06 11:48:07.433-05	2
442	265	32	2022-11-06 11:48:07.435-05	2022-11-06 11:48:07.435-05	1
443	311	44	2022-11-06 11:48:07.434-05	2022-11-06 11:48:07.434-05	2
444	375	19	2022-11-06 11:48:07.434-05	2022-11-06 11:48:07.434-05	2
445	359	40	2022-11-06 11:48:07.434-05	2022-11-06 11:48:07.434-05	2
446	104	18	2022-11-06 11:48:07.434-05	2022-11-06 11:48:07.434-05	1
447	74	8	2022-11-06 11:48:07.435-05	2022-11-06 11:48:07.435-05	3
448	110	41	2022-11-06 11:48:07.435-05	2022-11-06 11:48:07.435-05	1
449	379	10	2022-11-06 11:48:07.435-05	2022-11-06 11:48:07.435-05	3
450	423	28	2022-11-06 11:48:07.436-05	2022-11-06 11:48:07.436-05	1
451	400	46	2022-11-06 11:48:07.437-05	2022-11-06 11:48:07.437-05	2
452	11	31	2022-11-06 11:48:07.435-05	2022-11-06 11:48:07.435-05	2
453	472	2	2022-11-06 11:48:07.436-05	2022-11-06 11:48:07.436-05	4
454	171	39	2022-11-06 11:48:07.436-05	2022-11-06 11:48:07.436-05	1
455	380	25	2022-11-06 11:48:07.438-05	2022-11-06 11:48:07.438-05	1
456	95	28	2022-11-06 11:48:07.436-05	2022-11-06 11:48:07.436-05	1
457	499	24	2022-11-06 11:48:07.436-05	2022-11-06 11:48:07.436-05	2
458	377	20	2022-11-06 11:48:07.437-05	2022-11-06 11:48:07.437-05	1
459	472	11	2022-11-06 11:48:07.439-05	2022-11-06 11:48:07.439-05	4
460	466	27	2022-11-06 11:48:07.438-05	2022-11-06 11:48:07.438-05	0
461	278	1	2022-11-06 11:48:07.438-05	2022-11-06 11:48:07.438-05	4
462	132	32	2022-11-06 11:48:07.438-05	2022-11-06 11:48:07.438-05	4
463	51	47	2022-11-06 11:48:07.438-05	2022-11-06 11:48:07.438-05	4
464	394	33	2022-11-06 11:48:07.439-05	2022-11-06 11:48:07.439-05	1
465	18	2	2022-11-06 11:48:07.439-05	2022-11-06 11:48:07.439-05	1
466	272	2	2022-11-06 11:48:07.439-05	2022-11-06 11:48:07.439-05	3
467	234	19	2022-11-06 11:48:07.439-05	2022-11-06 11:48:07.439-05	3
468	9	40	2022-11-06 11:48:07.441-05	2022-11-06 11:48:07.441-05	3
469	175	28	2022-11-06 11:48:07.439-05	2022-11-06 11:48:07.439-05	2
470	333	19	2022-11-06 11:48:07.439-05	2022-11-06 11:48:07.439-05	2
471	263	8	2022-11-06 11:48:07.441-05	2022-11-06 11:48:07.441-05	3
472	19	50	2022-11-06 11:48:07.441-05	2022-11-06 11:48:07.441-05	2
473	297	3	2022-11-06 11:48:07.44-05	2022-11-06 11:48:07.44-05	0
474	35	18	2022-11-06 11:48:07.441-05	2022-11-06 11:48:07.441-05	0
475	220	11	2022-11-06 11:48:07.441-05	2022-11-06 11:48:07.441-05	2
476	305	32	2022-11-06 11:48:07.441-05	2022-11-06 11:48:07.441-05	0
477	377	14	2022-11-06 11:48:07.441-05	2022-11-06 11:48:07.441-05	2
478	369	23	2022-11-06 11:48:07.442-05	2022-11-06 11:48:07.442-05	3
479	155	3	2022-11-06 11:48:07.441-05	2022-11-06 11:48:07.441-05	2
480	408	40	2022-11-06 11:48:07.442-05	2022-11-06 11:48:07.442-05	0
481	456	8	2022-11-06 11:48:07.442-05	2022-11-06 11:48:07.442-05	1
482	190	20	2022-11-06 11:48:07.442-05	2022-11-06 11:48:07.442-05	1
483	391	35	2022-11-06 11:48:07.442-05	2022-11-06 11:48:07.442-05	4
484	245	34	2022-11-06 11:48:07.442-05	2022-11-06 11:48:07.442-05	1
485	104	46	2022-11-06 11:48:07.442-05	2022-11-06 11:48:07.442-05	3
486	352	14	2022-11-06 11:48:07.443-05	2022-11-06 11:48:07.443-05	3
487	477	27	2022-11-06 11:48:07.442-05	2022-11-06 11:48:07.442-05	0
488	344	50	2022-11-06 11:48:07.443-05	2022-11-06 11:48:07.443-05	2
489	238	2	2022-11-06 11:48:07.444-05	2022-11-06 11:48:07.444-05	2
490	47	19	2022-11-06 11:48:07.443-05	2022-11-06 11:48:07.443-05	3
491	316	39	2022-11-06 11:48:07.443-05	2022-11-06 11:48:07.443-05	1
492	248	6	2022-11-06 11:48:07.443-05	2022-11-06 11:48:07.443-05	4
493	324	30	2022-11-06 11:48:07.443-05	2022-11-06 11:48:07.443-05	1
494	118	17	2022-11-06 11:48:07.443-05	2022-11-06 11:48:07.443-05	0
495	344	25	2022-11-06 11:48:07.444-05	2022-11-06 11:48:07.444-05	1
496	232	24	2022-11-06 11:48:07.444-05	2022-11-06 11:48:07.444-05	0
497	310	14	2022-11-06 11:48:07.444-05	2022-11-06 11:48:07.444-05	4
498	217	3	2022-11-06 11:48:07.444-05	2022-11-06 11:48:07.444-05	0
499	499	6	2022-11-06 11:48:07.444-05	2022-11-06 11:48:07.444-05	3
500	154	49	2022-11-06 11:48:07.445-05	2022-11-06 11:48:07.445-05	2
501	12	18	2022-11-06 11:48:07.445-05	2022-11-06 11:48:07.445-05	3
502	192	20	2022-11-06 11:48:07.445-05	2022-11-06 11:48:07.445-05	1
503	56	8	2022-11-06 11:48:07.445-05	2022-11-06 11:48:07.445-05	0
504	208	29	2022-11-06 11:48:07.445-05	2022-11-06 11:48:07.445-05	1
505	353	49	2022-11-06 11:48:07.446-05	2022-11-06 11:48:07.446-05	2
506	259	23	2022-11-06 11:48:07.445-05	2022-11-06 11:48:07.445-05	0
507	328	49	2022-11-06 11:48:07.447-05	2022-11-06 11:48:07.447-05	0
508	98	22	2022-11-06 11:48:07.446-05	2022-11-06 11:48:07.446-05	1
509	462	5	2022-11-06 11:48:07.446-05	2022-11-06 11:48:07.446-05	0
510	255	29	2022-11-06 11:48:07.448-05	2022-11-06 11:48:07.448-05	0
511	396	16	2022-11-06 11:48:07.447-05	2022-11-06 11:48:07.447-05	1
512	433	2	2022-11-06 11:48:07.446-05	2022-11-06 11:48:07.446-05	2
513	22	2	2022-11-06 11:48:07.446-05	2022-11-06 11:48:07.446-05	4
514	258	48	2022-11-06 11:48:07.449-05	2022-11-06 11:48:07.449-05	1
515	161	24	2022-11-06 11:48:07.449-05	2022-11-06 11:48:07.449-05	3
516	36	24	2022-11-06 11:48:07.448-05	2022-11-06 11:48:07.448-05	0
517	296	35	2022-11-06 11:48:07.448-05	2022-11-06 11:48:07.448-05	1
518	13	38	2022-11-06 11:48:07.45-05	2022-11-06 11:48:07.45-05	4
519	225	16	2022-11-06 11:48:07.449-05	2022-11-06 11:48:07.449-05	2
520	119	44	2022-11-06 11:48:07.449-05	2022-11-06 11:48:07.449-05	4
521	258	21	2022-11-06 11:48:07.449-05	2022-11-06 11:48:07.449-05	4
522	51	9	2022-11-06 11:48:07.45-05	2022-11-06 11:48:07.45-05	2
523	352	16	2022-11-06 11:48:07.449-05	2022-11-06 11:48:07.449-05	0
524	483	25	2022-11-06 11:48:07.45-05	2022-11-06 11:48:07.45-05	1
525	229	25	2022-11-06 11:48:07.45-05	2022-11-06 11:48:07.45-05	2
526	200	16	2022-11-06 11:48:07.451-05	2022-11-06 11:48:07.451-05	2
527	26	27	2022-11-06 11:48:07.45-05	2022-11-06 11:48:07.45-05	1
528	63	35	2022-11-06 11:48:07.45-05	2022-11-06 11:48:07.45-05	1
529	220	42	2022-11-06 11:48:07.45-05	2022-11-06 11:48:07.45-05	3
530	477	10	2022-11-06 11:48:07.452-05	2022-11-06 11:48:07.452-05	4
531	427	40	2022-11-06 11:48:07.45-05	2022-11-06 11:48:07.45-05	1
532	302	49	2022-11-06 11:48:07.451-05	2022-11-06 11:48:07.451-05	3
533	307	31	2022-11-06 11:48:07.451-05	2022-11-06 11:48:07.451-05	2
534	231	42	2022-11-06 11:48:07.452-05	2022-11-06 11:48:07.452-05	2
535	31	10	2022-11-06 11:48:07.451-05	2022-11-06 11:48:07.451-05	3
536	218	15	2022-11-06 11:48:07.451-05	2022-11-06 11:48:07.451-05	4
537	52	33	2022-11-06 11:48:07.452-05	2022-11-06 11:48:07.452-05	2
538	216	22	2022-11-06 11:48:07.453-05	2022-11-06 11:48:07.453-05	1
539	116	21	2022-11-06 11:48:07.452-05	2022-11-06 11:48:07.452-05	3
540	192	49	2022-11-06 11:48:07.452-05	2022-11-06 11:48:07.452-05	1
541	325	17	2022-11-06 11:48:07.452-05	2022-11-06 11:48:07.452-05	3
542	384	2	2022-11-06 11:48:07.454-05	2022-11-06 11:48:07.454-05	1
543	435	17	2022-11-06 11:48:07.454-05	2022-11-06 11:48:07.454-05	3
544	366	34	2022-11-06 11:48:07.454-05	2022-11-06 11:48:07.454-05	1
545	301	24	2022-11-06 11:48:07.454-05	2022-11-06 11:48:07.454-05	1
546	348	11	2022-11-06 11:48:07.454-05	2022-11-06 11:48:07.454-05	1
547	291	33	2022-11-06 11:48:07.455-05	2022-11-06 11:48:07.455-05	3
548	261	30	2022-11-06 11:48:07.454-05	2022-11-06 11:48:07.454-05	4
549	257	41	2022-11-06 11:48:07.454-05	2022-11-06 11:48:07.454-05	2
550	464	9	2022-11-06 11:48:07.455-05	2022-11-06 11:48:07.455-05	0
551	361	9	2022-11-06 11:48:07.455-05	2022-11-06 11:48:07.455-05	4
552	282	4	2022-11-06 11:48:07.455-05	2022-11-06 11:48:07.455-05	4
553	330	15	2022-11-06 11:48:07.455-05	2022-11-06 11:48:07.455-05	0
554	147	23	2022-11-06 11:48:07.456-05	2022-11-06 11:48:07.456-05	0
555	11	50	2022-11-06 11:48:07.456-05	2022-11-06 11:48:07.456-05	2
556	300	35	2022-11-06 11:48:07.455-05	2022-11-06 11:48:07.455-05	2
557	27	10	2022-11-06 11:48:07.455-05	2022-11-06 11:48:07.455-05	2
558	214	27	2022-11-06 11:48:07.456-05	2022-11-06 11:48:07.456-05	0
559	98	38	2022-11-06 11:48:07.456-05	2022-11-06 11:48:07.456-05	4
560	341	40	2022-11-06 11:48:07.456-05	2022-11-06 11:48:07.456-05	3
561	457	12	2022-11-06 11:48:07.456-05	2022-11-06 11:48:07.456-05	3
562	307	19	2022-11-06 11:48:07.457-05	2022-11-06 11:48:07.457-05	2
563	285	13	2022-11-06 11:48:07.457-05	2022-11-06 11:48:07.457-05	0
564	308	12	2022-11-06 11:48:07.456-05	2022-11-06 11:48:07.456-05	4
565	185	10	2022-11-06 11:48:07.456-05	2022-11-06 11:48:07.456-05	4
566	178	24	2022-11-06 11:48:07.457-05	2022-11-06 11:48:07.457-05	0
567	234	9	2022-11-06 11:48:07.457-05	2022-11-06 11:48:07.457-05	3
568	78	3	2022-11-06 11:48:07.457-05	2022-11-06 11:48:07.457-05	3
569	168	10	2022-11-06 11:48:07.457-05	2022-11-06 11:48:07.457-05	1
570	300	25	2022-11-06 11:48:07.459-05	2022-11-06 11:48:07.459-05	3
571	415	31	2022-11-06 11:48:07.46-05	2022-11-06 11:48:07.46-05	1
572	145	7	2022-11-06 11:48:07.458-05	2022-11-06 11:48:07.458-05	2
573	90	3	2022-11-06 11:48:07.459-05	2022-11-06 11:48:07.459-05	1
574	456	11	2022-11-06 11:48:07.46-05	2022-11-06 11:48:07.46-05	0
575	141	33	2022-11-06 11:48:07.46-05	2022-11-06 11:48:07.46-05	3
576	462	17	2022-11-06 11:48:07.46-05	2022-11-06 11:48:07.46-05	0
577	486	12	2022-11-06 11:48:07.46-05	2022-11-06 11:48:07.46-05	3
578	129	7	2022-11-06 11:48:07.461-05	2022-11-06 11:48:07.461-05	1
579	220	31	2022-11-06 11:48:07.461-05	2022-11-06 11:48:07.461-05	1
580	126	12	2022-11-06 11:48:07.46-05	2022-11-06 11:48:07.46-05	1
581	389	41	2022-11-06 11:48:07.46-05	2022-11-06 11:48:07.46-05	2
582	488	11	2022-11-06 11:48:07.461-05	2022-11-06 11:48:07.461-05	0
583	381	24	2022-11-06 11:48:07.461-05	2022-11-06 11:48:07.461-05	3
584	96	35	2022-11-06 11:48:07.461-05	2022-11-06 11:48:07.461-05	1
585	455	33	2022-11-06 11:48:07.461-05	2022-11-06 11:48:07.461-05	2
586	445	17	2022-11-06 11:48:07.462-05	2022-11-06 11:48:07.462-05	4
587	465	24	2022-11-06 11:48:07.462-05	2022-11-06 11:48:07.462-05	3
588	431	19	2022-11-06 11:48:07.462-05	2022-11-06 11:48:07.462-05	1
589	12	47	2022-11-06 11:48:07.462-05	2022-11-06 11:48:07.462-05	1
590	144	22	2022-11-06 11:48:07.464-05	2022-11-06 11:48:07.464-05	1
591	498	32	2022-11-06 11:48:07.463-05	2022-11-06 11:48:07.463-05	0
592	10	17	2022-11-06 11:48:07.462-05	2022-11-06 11:48:07.462-05	2
593	10	5	2022-11-06 11:48:07.463-05	2022-11-06 11:48:07.463-05	4
594	8	28	2022-11-06 11:48:07.464-05	2022-11-06 11:48:07.464-05	1
595	264	23	2022-11-06 11:48:07.463-05	2022-11-06 11:48:07.463-05	0
596	377	45	2022-11-06 11:48:07.463-05	2022-11-06 11:48:07.463-05	2
597	282	13	2022-11-06 11:48:07.465-05	2022-11-06 11:48:07.465-05	3
598	30	23	2022-11-06 11:48:07.464-05	2022-11-06 11:48:07.464-05	3
599	116	45	2022-11-06 11:48:07.466-05	2022-11-06 11:48:07.466-05	4
600	322	48	2022-11-06 11:48:07.465-05	2022-11-06 11:48:07.465-05	4
601	170	4	2022-11-06 11:48:07.465-05	2022-11-06 11:48:07.465-05	1
602	209	38	2022-11-06 11:48:07.465-05	2022-11-06 11:48:07.465-05	1
603	421	20	2022-11-06 11:48:07.466-05	2022-11-06 11:48:07.466-05	1
604	456	25	2022-11-06 11:48:07.465-05	2022-11-06 11:48:07.465-05	2
605	172	39	2022-11-06 11:48:07.465-05	2022-11-06 11:48:07.465-05	2
606	244	18	2022-11-06 11:48:07.466-05	2022-11-06 11:48:07.466-05	2
607	291	25	2022-11-06 11:48:07.466-05	2022-11-06 11:48:07.466-05	2
608	152	32	2022-11-06 11:48:07.466-05	2022-11-06 11:48:07.466-05	2
609	246	21	2022-11-06 11:48:07.467-05	2022-11-06 11:48:07.467-05	3
610	415	24	2022-11-06 11:48:07.466-05	2022-11-06 11:48:07.466-05	1
611	486	40	2022-11-06 11:48:07.469-05	2022-11-06 11:48:07.469-05	1
612	33	29	2022-11-06 11:48:07.467-05	2022-11-06 11:48:07.467-05	1
613	21	16	2022-11-06 11:48:07.467-05	2022-11-06 11:48:07.467-05	1
614	9	27	2022-11-06 11:48:07.467-05	2022-11-06 11:48:07.467-05	1
615	401	32	2022-11-06 11:48:07.468-05	2022-11-06 11:48:07.468-05	4
616	361	29	2022-11-06 11:48:07.468-05	2022-11-06 11:48:07.468-05	4
617	232	5	2022-11-06 11:48:07.469-05	2022-11-06 11:48:07.469-05	2
618	53	8	2022-11-06 11:48:07.47-05	2022-11-06 11:48:07.47-05	1
619	244	18	2022-11-06 11:48:07.47-05	2022-11-06 11:48:07.47-05	1
620	395	41	2022-11-06 11:48:07.47-05	2022-11-06 11:48:07.47-05	1
621	63	24	2022-11-06 11:48:07.469-05	2022-11-06 11:48:07.469-05	3
622	199	30	2022-11-06 11:48:07.471-05	2022-11-06 11:48:07.471-05	4
623	256	9	2022-11-06 11:48:07.471-05	2022-11-06 11:48:07.471-05	3
624	21	19	2022-11-06 11:48:07.471-05	2022-11-06 11:48:07.471-05	2
625	46	46	2022-11-06 11:48:07.47-05	2022-11-06 11:48:07.47-05	2
626	458	6	2022-11-06 11:48:07.472-05	2022-11-06 11:48:07.472-05	0
627	76	27	2022-11-06 11:48:07.473-05	2022-11-06 11:48:07.473-05	1
628	466	5	2022-11-06 11:48:07.472-05	2022-11-06 11:48:07.472-05	2
629	187	35	2022-11-06 11:48:07.472-05	2022-11-06 11:48:07.472-05	0
630	398	7	2022-11-06 11:48:07.473-05	2022-11-06 11:48:07.473-05	3
631	482	50	2022-11-06 11:48:07.473-05	2022-11-06 11:48:07.473-05	3
632	71	39	2022-11-06 11:48:07.473-05	2022-11-06 11:48:07.473-05	1
633	57	1	2022-11-06 11:48:07.473-05	2022-11-06 11:48:07.473-05	4
634	439	10	2022-11-06 11:48:07.475-05	2022-11-06 11:48:07.475-05	4
635	399	44	2022-11-06 11:48:07.474-05	2022-11-06 11:48:07.474-05	2
636	305	21	2022-11-06 11:48:07.474-05	2022-11-06 11:48:07.474-05	1
637	366	12	2022-11-06 11:48:07.474-05	2022-11-06 11:48:07.474-05	2
638	404	32	2022-11-06 11:48:07.475-05	2022-11-06 11:48:07.475-05	0
639	228	20	2022-11-06 11:48:07.475-05	2022-11-06 11:48:07.475-05	1
640	292	37	2022-11-06 11:48:07.474-05	2022-11-06 11:48:07.474-05	1
641	475	15	2022-11-06 11:48:07.474-05	2022-11-06 11:48:07.474-05	3
642	364	39	2022-11-06 11:48:07.476-05	2022-11-06 11:48:07.476-05	1
643	346	22	2022-11-06 11:48:07.475-05	2022-11-06 11:48:07.475-05	3
644	176	10	2022-11-06 11:48:07.475-05	2022-11-06 11:48:07.475-05	3
645	282	2	2022-11-06 11:48:07.476-05	2022-11-06 11:48:07.476-05	1
646	145	21	2022-11-06 11:48:07.476-05	2022-11-06 11:48:07.476-05	0
647	494	24	2022-11-06 11:48:07.475-05	2022-11-06 11:48:07.475-05	1
648	422	25	2022-11-06 11:48:07.476-05	2022-11-06 11:48:07.476-05	3
649	376	46	2022-11-06 11:48:07.477-05	2022-11-06 11:48:07.477-05	3
650	200	3	2022-11-06 11:48:07.478-05	2022-11-06 11:48:07.478-05	1
651	36	21	2022-11-06 11:48:07.476-05	2022-11-06 11:48:07.476-05	0
652	324	17	2022-11-06 11:48:07.476-05	2022-11-06 11:48:07.476-05	0
653	398	40	2022-11-06 11:48:07.48-05	2022-11-06 11:48:07.48-05	1
654	328	19	2022-11-06 11:48:07.48-05	2022-11-06 11:48:07.48-05	3
655	74	6	2022-11-06 11:48:07.479-05	2022-11-06 11:48:07.479-05	2
656	175	22	2022-11-06 11:48:07.48-05	2022-11-06 11:48:07.48-05	1
657	116	46	2022-11-06 11:48:07.481-05	2022-11-06 11:48:07.481-05	2
658	448	44	2022-11-06 11:48:07.481-05	2022-11-06 11:48:07.481-05	3
659	201	6	2022-11-06 11:48:07.48-05	2022-11-06 11:48:07.48-05	4
660	265	8	2022-11-06 11:48:07.481-05	2022-11-06 11:48:07.481-05	3
661	458	21	2022-11-06 11:48:07.481-05	2022-11-06 11:48:07.481-05	1
662	99	29	2022-11-06 11:48:07.484-05	2022-11-06 11:48:07.484-05	2
663	290	12	2022-11-06 11:48:07.482-05	2022-11-06 11:48:07.482-05	2
664	396	9	2022-11-06 11:48:07.483-05	2022-11-06 11:48:07.483-05	2
665	343	23	2022-11-06 11:48:07.483-05	2022-11-06 11:48:07.483-05	1
666	24	2	2022-11-06 11:48:07.485-05	2022-11-06 11:48:07.485-05	3
667	58	11	2022-11-06 11:48:07.484-05	2022-11-06 11:48:07.484-05	0
668	338	40	2022-11-06 11:48:07.484-05	2022-11-06 11:48:07.484-05	2
669	267	45	2022-11-06 11:48:07.485-05	2022-11-06 11:48:07.485-05	3
670	165	9	2022-11-06 11:48:07.485-05	2022-11-06 11:48:07.485-05	2
671	72	29	2022-11-06 11:48:07.485-05	2022-11-06 11:48:07.485-05	3
672	73	32	2022-11-06 11:48:07.485-05	2022-11-06 11:48:07.485-05	1
673	108	5	2022-11-06 11:48:07.486-05	2022-11-06 11:48:07.486-05	0
674	312	37	2022-11-06 11:48:07.485-05	2022-11-06 11:48:07.485-05	1
675	111	9	2022-11-06 11:48:07.486-05	2022-11-06 11:48:07.486-05	3
676	138	15	2022-11-06 11:48:07.486-05	2022-11-06 11:48:07.486-05	0
677	1	17	2022-11-06 11:48:07.486-05	2022-11-06 11:48:07.486-05	2
678	104	3	2022-11-06 11:48:07.486-05	2022-11-06 11:48:07.486-05	0
679	271	6	2022-11-06 11:48:07.488-05	2022-11-06 11:48:07.488-05	1
680	470	7	2022-11-06 11:48:07.487-05	2022-11-06 11:48:07.487-05	0
681	154	32	2022-11-06 11:48:07.487-05	2022-11-06 11:48:07.487-05	0
682	37	36	2022-11-06 11:48:07.487-05	2022-11-06 11:48:07.487-05	1
683	319	26	2022-11-06 11:48:07.488-05	2022-11-06 11:48:07.488-05	0
684	241	3	2022-11-06 11:48:07.488-05	2022-11-06 11:48:07.488-05	1
685	35	11	2022-11-06 11:48:07.487-05	2022-11-06 11:48:07.487-05	4
686	19	49	2022-11-06 11:48:07.488-05	2022-11-06 11:48:07.488-05	2
687	480	48	2022-11-06 11:48:07.488-05	2022-11-06 11:48:07.488-05	1
688	127	31	2022-11-06 11:48:07.488-05	2022-11-06 11:48:07.488-05	1
689	102	26	2022-11-06 11:48:07.489-05	2022-11-06 11:48:07.489-05	2
690	97	32	2022-11-06 11:48:07.489-05	2022-11-06 11:48:07.489-05	3
691	199	5	2022-11-06 11:48:07.489-05	2022-11-06 11:48:07.489-05	1
692	297	40	2022-11-06 11:48:07.489-05	2022-11-06 11:48:07.489-05	0
693	412	5	2022-11-06 11:48:07.489-05	2022-11-06 11:48:07.489-05	1
694	11	22	2022-11-06 11:48:07.489-05	2022-11-06 11:48:07.489-05	4
695	300	23	2022-11-06 11:48:07.489-05	2022-11-06 11:48:07.489-05	2
696	308	16	2022-11-06 11:48:07.49-05	2022-11-06 11:48:07.49-05	4
697	403	4	2022-11-06 11:48:07.49-05	2022-11-06 11:48:07.49-05	1
698	241	9	2022-11-06 11:48:07.49-05	2022-11-06 11:48:07.49-05	1
699	131	49	2022-11-06 11:48:07.49-05	2022-11-06 11:48:07.49-05	3
700	286	39	2022-11-06 11:48:07.492-05	2022-11-06 11:48:07.492-05	4
701	66	42	2022-11-06 11:48:07.49-05	2022-11-06 11:48:07.49-05	0
702	52	10	2022-11-06 11:48:07.49-05	2022-11-06 11:48:07.49-05	2
703	478	3	2022-11-06 11:48:07.49-05	2022-11-06 11:48:07.49-05	1
704	1	4	2022-11-06 11:48:07.492-05	2022-11-06 11:48:07.492-05	2
705	158	19	2022-11-06 11:48:07.49-05	2022-11-06 11:48:07.49-05	2
706	384	20	2022-11-06 11:48:07.491-05	2022-11-06 11:48:07.491-05	4
707	316	14	2022-11-06 11:48:07.492-05	2022-11-06 11:48:07.492-05	1
708	122	21	2022-11-06 11:48:07.492-05	2022-11-06 11:48:07.492-05	4
709	209	33	2022-11-06 11:48:07.492-05	2022-11-06 11:48:07.492-05	4
710	296	12	2022-11-06 11:48:07.492-05	2022-11-06 11:48:07.492-05	2
711	131	1	2022-11-06 11:48:07.493-05	2022-11-06 11:48:07.493-05	4
712	300	5	2022-11-06 11:48:07.493-05	2022-11-06 11:48:07.493-05	0
713	319	40	2022-11-06 11:48:07.493-05	2022-11-06 11:48:07.493-05	3
714	165	29	2022-11-06 11:48:07.493-05	2022-11-06 11:48:07.493-05	2
715	306	20	2022-11-06 11:48:07.493-05	2022-11-06 11:48:07.493-05	3
716	342	18	2022-11-06 11:48:07.494-05	2022-11-06 11:48:07.494-05	1
717	147	35	2022-11-06 11:48:07.493-05	2022-11-06 11:48:07.493-05	4
718	222	49	2022-11-06 11:48:07.494-05	2022-11-06 11:48:07.494-05	4
719	313	5	2022-11-06 11:48:07.493-05	2022-11-06 11:48:07.493-05	2
720	355	19	2022-11-06 11:48:07.495-05	2022-11-06 11:48:07.495-05	2
721	180	13	2022-11-06 11:48:07.494-05	2022-11-06 11:48:07.494-05	2
722	199	12	2022-11-06 11:48:07.494-05	2022-11-06 11:48:07.494-05	3
723	119	14	2022-11-06 11:48:07.494-05	2022-11-06 11:48:07.494-05	3
724	461	4	2022-11-06 11:48:07.498-05	2022-11-06 11:48:07.498-05	1
725	10	4	2022-11-06 11:48:07.495-05	2022-11-06 11:48:07.495-05	3
726	463	13	2022-11-06 11:48:07.497-05	2022-11-06 11:48:07.497-05	2
727	57	27	2022-11-06 11:48:07.497-05	2022-11-06 11:48:07.497-05	2
728	61	27	2022-11-06 11:48:07.499-05	2022-11-06 11:48:07.499-05	3
729	327	12	2022-11-06 11:48:07.498-05	2022-11-06 11:48:07.498-05	4
730	340	10	2022-11-06 11:48:07.499-05	2022-11-06 11:48:07.499-05	0
731	7	40	2022-11-06 11:48:07.499-05	2022-11-06 11:48:07.499-05	3
732	348	49	2022-11-06 11:48:07.5-05	2022-11-06 11:48:07.5-05	4
733	490	35	2022-11-06 11:48:07.5-05	2022-11-06 11:48:07.5-05	0
734	125	31	2022-11-06 11:48:07.498-05	2022-11-06 11:48:07.498-05	3
735	361	35	2022-11-06 11:48:07.499-05	2022-11-06 11:48:07.499-05	1
736	138	42	2022-11-06 11:48:07.5-05	2022-11-06 11:48:07.5-05	2
737	481	36	2022-11-06 11:48:07.5-05	2022-11-06 11:48:07.5-05	3
738	397	2	2022-11-06 11:48:07.5-05	2022-11-06 11:48:07.5-05	1
739	376	22	2022-11-06 11:48:07.5-05	2022-11-06 11:48:07.5-05	1
740	242	19	2022-11-06 11:48:07.501-05	2022-11-06 11:48:07.501-05	3
741	107	6	2022-11-06 11:48:07.501-05	2022-11-06 11:48:07.501-05	1
742	273	17	2022-11-06 11:48:07.501-05	2022-11-06 11:48:07.501-05	0
743	42	30	2022-11-06 11:48:07.5-05	2022-11-06 11:48:07.5-05	1
744	409	29	2022-11-06 11:48:07.502-05	2022-11-06 11:48:07.502-05	4
745	348	30	2022-11-06 11:48:07.501-05	2022-11-06 11:48:07.501-05	4
746	55	20	2022-11-06 11:48:07.501-05	2022-11-06 11:48:07.501-05	3
747	187	42	2022-11-06 11:48:07.501-05	2022-11-06 11:48:07.501-05	2
748	120	50	2022-11-06 11:48:07.503-05	2022-11-06 11:48:07.503-05	4
749	499	27	2022-11-06 11:48:07.501-05	2022-11-06 11:48:07.501-05	3
750	180	27	2022-11-06 11:48:07.502-05	2022-11-06 11:48:07.502-05	2
751	135	3	2022-11-06 11:48:07.502-05	2022-11-06 11:48:07.502-05	4
752	477	12	2022-11-06 11:48:07.504-05	2022-11-06 11:48:07.504-05	3
753	168	1	2022-11-06 11:48:07.502-05	2022-11-06 11:48:07.502-05	0
754	442	7	2022-11-06 11:48:07.502-05	2022-11-06 11:48:07.502-05	2
755	188	41	2022-11-06 11:48:07.503-05	2022-11-06 11:48:07.503-05	1
756	68	37	2022-11-06 11:48:07.505-05	2022-11-06 11:48:07.505-05	4
757	482	18	2022-11-06 11:48:07.503-05	2022-11-06 11:48:07.503-05	2
758	317	44	2022-11-06 11:48:07.503-05	2022-11-06 11:48:07.503-05	3
759	472	19	2022-11-06 11:48:07.504-05	2022-11-06 11:48:07.504-05	3
760	82	28	2022-11-06 11:48:07.505-05	2022-11-06 11:48:07.505-05	3
761	156	12	2022-11-06 11:48:07.504-05	2022-11-06 11:48:07.504-05	2
762	38	47	2022-11-06 11:48:07.505-05	2022-11-06 11:48:07.505-05	3
763	297	41	2022-11-06 11:48:07.505-05	2022-11-06 11:48:07.505-05	2
764	345	47	2022-11-06 11:48:07.505-05	2022-11-06 11:48:07.505-05	4
765	8	26	2022-11-06 11:48:07.505-05	2022-11-06 11:48:07.505-05	1
766	50	49	2022-11-06 11:48:07.505-05	2022-11-06 11:48:07.505-05	0
767	91	43	2022-11-06 11:48:07.506-05	2022-11-06 11:48:07.506-05	1
768	401	32	2022-11-06 11:48:07.506-05	2022-11-06 11:48:07.506-05	1
769	401	34	2022-11-06 11:48:07.506-05	2022-11-06 11:48:07.506-05	2
770	233	30	2022-11-06 11:48:07.506-05	2022-11-06 11:48:07.506-05	3
771	451	29	2022-11-06 11:48:07.506-05	2022-11-06 11:48:07.506-05	1
772	22	29	2022-11-06 11:48:07.506-05	2022-11-06 11:48:07.506-05	3
773	106	25	2022-11-06 11:48:07.506-05	2022-11-06 11:48:07.506-05	0
774	192	5	2022-11-06 11:48:07.506-05	2022-11-06 11:48:07.506-05	3
775	285	35	2022-11-06 11:48:07.507-05	2022-11-06 11:48:07.507-05	4
776	415	50	2022-11-06 11:48:07.507-05	2022-11-06 11:48:07.507-05	1
777	491	33	2022-11-06 11:48:07.507-05	2022-11-06 11:48:07.507-05	3
778	226	4	2022-11-06 11:48:07.507-05	2022-11-06 11:48:07.507-05	0
779	425	26	2022-11-06 11:48:07.507-05	2022-11-06 11:48:07.507-05	2
780	171	38	2022-11-06 11:48:07.507-05	2022-11-06 11:48:07.507-05	1
781	427	3	2022-11-06 11:48:07.507-05	2022-11-06 11:48:07.507-05	3
782	361	6	2022-11-06 11:48:07.508-05	2022-11-06 11:48:07.508-05	4
783	436	22	2022-11-06 11:48:07.507-05	2022-11-06 11:48:07.507-05	3
784	217	36	2022-11-06 11:48:07.508-05	2022-11-06 11:48:07.508-05	4
785	474	46	2022-11-06 11:48:07.507-05	2022-11-06 11:48:07.507-05	3
786	40	23	2022-11-06 11:48:07.508-05	2022-11-06 11:48:07.508-05	3
787	103	48	2022-11-06 11:48:07.508-05	2022-11-06 11:48:07.508-05	0
788	366	41	2022-11-06 11:48:07.508-05	2022-11-06 11:48:07.508-05	1
789	168	41	2022-11-06 11:48:07.508-05	2022-11-06 11:48:07.508-05	2
790	117	34	2022-11-06 11:48:07.508-05	2022-11-06 11:48:07.508-05	0
791	319	25	2022-11-06 11:48:07.508-05	2022-11-06 11:48:07.508-05	1
792	368	9	2022-11-06 11:48:07.509-05	2022-11-06 11:48:07.509-05	2
793	351	43	2022-11-06 11:48:07.509-05	2022-11-06 11:48:07.509-05	2
794	7	27	2022-11-06 11:48:07.509-05	2022-11-06 11:48:07.509-05	2
795	60	50	2022-11-06 11:48:07.509-05	2022-11-06 11:48:07.509-05	1
796	157	50	2022-11-06 11:48:07.509-05	2022-11-06 11:48:07.509-05	3
797	133	19	2022-11-06 11:48:07.51-05	2022-11-06 11:48:07.51-05	2
798	429	21	2022-11-06 11:48:07.51-05	2022-11-06 11:48:07.51-05	2
799	131	15	2022-11-06 11:48:07.509-05	2022-11-06 11:48:07.509-05	1
800	138	36	2022-11-06 11:48:07.51-05	2022-11-06 11:48:07.51-05	2
801	357	39	2022-11-06 11:48:07.511-05	2022-11-06 11:48:07.511-05	2
802	382	8	2022-11-06 11:48:07.511-05	2022-11-06 11:48:07.511-05	3
803	448	28	2022-11-06 11:48:07.51-05	2022-11-06 11:48:07.51-05	3
804	334	10	2022-11-06 11:48:07.511-05	2022-11-06 11:48:07.511-05	1
805	443	37	2022-11-06 11:48:07.511-05	2022-11-06 11:48:07.511-05	1
806	130	20	2022-11-06 11:48:07.511-05	2022-11-06 11:48:07.511-05	4
807	152	39	2022-11-06 11:48:07.511-05	2022-11-06 11:48:07.511-05	0
808	38	33	2022-11-06 11:48:07.511-05	2022-11-06 11:48:07.511-05	3
809	310	44	2022-11-06 11:48:07.512-05	2022-11-06 11:48:07.512-05	4
810	369	12	2022-11-06 11:48:07.512-05	2022-11-06 11:48:07.512-05	3
811	284	35	2022-11-06 11:48:07.511-05	2022-11-06 11:48:07.511-05	1
812	315	14	2022-11-06 11:48:07.512-05	2022-11-06 11:48:07.512-05	3
813	62	42	2022-11-06 11:48:07.512-05	2022-11-06 11:48:07.512-05	3
814	6	19	2022-11-06 11:48:07.513-05	2022-11-06 11:48:07.513-05	2
815	256	27	2022-11-06 11:48:07.512-05	2022-11-06 11:48:07.512-05	2
816	86	10	2022-11-06 11:48:07.513-05	2022-11-06 11:48:07.513-05	2
817	447	33	2022-11-06 11:48:07.512-05	2022-11-06 11:48:07.512-05	1
818	272	5	2022-11-06 11:48:07.513-05	2022-11-06 11:48:07.513-05	1
819	369	30	2022-11-06 11:48:07.516-05	2022-11-06 11:48:07.516-05	2
820	13	36	2022-11-06 11:48:07.513-05	2022-11-06 11:48:07.513-05	2
821	109	20	2022-11-06 11:48:07.516-05	2022-11-06 11:48:07.516-05	1
822	330	37	2022-11-06 11:48:07.516-05	2022-11-06 11:48:07.516-05	1
823	443	34	2022-11-06 11:48:07.513-05	2022-11-06 11:48:07.513-05	1
824	479	15	2022-11-06 11:48:07.516-05	2022-11-06 11:48:07.516-05	1
825	137	1	2022-11-06 11:48:07.517-05	2022-11-06 11:48:07.517-05	3
826	492	22	2022-11-06 11:48:07.516-05	2022-11-06 11:48:07.516-05	3
827	40	37	2022-11-06 11:48:07.518-05	2022-11-06 11:48:07.518-05	3
828	161	35	2022-11-06 11:48:07.517-05	2022-11-06 11:48:07.517-05	3
829	466	12	2022-11-06 11:48:07.519-05	2022-11-06 11:48:07.519-05	2
830	469	1	2022-11-06 11:48:07.519-05	2022-11-06 11:48:07.519-05	1
831	375	46	2022-11-06 11:48:07.519-05	2022-11-06 11:48:07.519-05	4
832	469	7	2022-11-06 11:48:07.519-05	2022-11-06 11:48:07.519-05	3
833	423	32	2022-11-06 11:48:07.519-05	2022-11-06 11:48:07.519-05	2
\.


--
-- Data for Name: users; Type: TABLE DATA; Schema: public; Owner: austin
--

COPY public.users (id, username, password, "createdAt", "updatedAt") FROM stdin;
\.


--
-- Name: courses_id_seq; Type: SEQUENCE SET; Schema: public; Owner: austin
--

SELECT pg_catalog.setval('public.courses_id_seq', 50, true);


--
-- Name: students_courses_id_seq; Type: SEQUENCE SET; Schema: public; Owner: austin
--

SELECT pg_catalog.setval('public.students_courses_id_seq', 833, true);


--
-- Name: students_id_seq; Type: SEQUENCE SET; Schema: public; Owner: austin
--

SELECT pg_catalog.setval('public.students_id_seq', 500, true);


--
-- Name: users_id_seq; Type: SEQUENCE SET; Schema: public; Owner: austin
--

SELECT pg_catalog.setval('public.users_id_seq', 1, false);


--
-- Name: SequelizeMeta SequelizeMeta_pkey; Type: CONSTRAINT; Schema: public; Owner: austin
--

ALTER TABLE ONLY public."SequelizeMeta"
    ADD CONSTRAINT "SequelizeMeta_pkey" PRIMARY KEY (name);


--
-- Name: courses courses_pkey; Type: CONSTRAINT; Schema: public; Owner: austin
--

ALTER TABLE ONLY public.courses
    ADD CONSTRAINT courses_pkey PRIMARY KEY (id);


--
-- Name: students_courses students_courses_pkey; Type: CONSTRAINT; Schema: public; Owner: austin
--

ALTER TABLE ONLY public.students_courses
    ADD CONSTRAINT students_courses_pkey PRIMARY KEY (id);


--
-- Name: students students_email_key; Type: CONSTRAINT; Schema: public; Owner: austin
--

ALTER TABLE ONLY public.students
    ADD CONSTRAINT students_email_key UNIQUE (email);


--
-- Name: students students_pkey; Type: CONSTRAINT; Schema: public; Owner: austin
--

ALTER TABLE ONLY public.students
    ADD CONSTRAINT students_pkey PRIMARY KEY (id);


--
-- Name: users users_pkey; Type: CONSTRAINT; Schema: public; Owner: austin
--

ALTER TABLE ONLY public.users
    ADD CONSTRAINT users_pkey PRIMARY KEY (id);


--
-- Name: users users_username_key; Type: CONSTRAINT; Schema: public; Owner: austin
--

ALTER TABLE ONLY public.users
    ADD CONSTRAINT users_username_key UNIQUE (username);


--
-- PostgreSQL database dump complete
--

